"id","co2.inoc","co2","inoc","n.trt","rep","sow_date","rack","germ_date","thin_date","harvest_date","focal.area","tla","focal.biomass","leaf.biomass","chlor.biomass","stem.biomass","root.biomass","nodule.biomass","total.biomass","bvr","nmass.focal","nmass.nod","nmass.tl","nmass.tr","nmass.ts","nmass.chl","cmass.focal","cmass.nod","cmass.tl","cmass.tr","cmass.ts","cmass.chl","chlA.ugml","chlB.ugml","chlA.gml","chlB.gml","chlA.g","chlB.g","chlA.gm2","chlB.gm2","chlA.mmolm2","chlB.mmolm2","chl.mmolm2","chlA.chlB","disk.area","chl.leaf.area","tleaf","anet","anet.growth","gsw","gsw.growth","ci.ca","vcmax25","jmax25","jmax25.vcmax25","rd25","tpu","leaf.d13c","leaf.d15n","ndfa","chi","beta","marea","marea.chl","narea","narea.chl","p.rubisco","p.bioe","p.lightharv","p.photo","p.structure","pnue","pnue.growth","iwue","iwue.growth","narea.chi","vcmax.chi","stomlim","leaf.totaln","stem.totaln","root.totaln","root.totalc","nod.totaln","nod.totalc","wpn","cbg","ncost","rd25.vcmax25","nod.root.ratio"
"e_y_0_1","elv_inoc","elv","inoc",0,1,"6/17/22","6b","6/23/22","7/2/22","8/6/22",24.603,276.728,0.183,1.763,0.134,0.582,1.308,0.319,4.106,0.684,0.021,0.0637,0.02,0.0139,0.0198,0.0233,0.4204,0.4604,0.4132,0.4139,0.4058,0.4314,2.6491,0.4311,2.64910666666667e-06,4.3109e-07,2.64910666666667e-05,4.3109e-06,0.088156628,0.0143457570715474,0.098663281,0.015808519,0.11447179996155,6.14513597315333,3.005,22.09,25.02,20.689,28.815,0.358,0.236,0.725,97.98,173.197,1.768,3.436,10.737,-24.99,-0.74,100,0.669582442423983,152.555113822821,74.3812,60.6609,1.5583,1.2708,0.4907,0.0884,0.0328,0.6119,0.091,13.2766476288263,18.4913046268369,57.7905,122.0975,2.3272,146.33,0.2548,0.042,0.0115,0.0181,0.5413,0.0203,0.1469,0.0919,0.6882,7.4848,0.0350683813023066,0.24388379204893
"e_y_0_2","elv_inoc","elv","inoc",0,2,"6/17/22","5t","6/21/22","7/2/22","8/6/22",24.008,331.333,0.156,2.017,0.172,0.63,1.139,0.371,4.329,0.722,0.0226,0.0571,0.0229,0.0145,0.0166,0.0221,0.4197,0.4048,0.4503,0.4194,0.4134,0.4331,3.2759,0.8047,3.2759e-06,8.04693333333333e-07,3.2759e-05,8.04693333333333e-06,0.106776401564537,0.0262285962624946,0.119502189751136,0.028902989919771,0.148405179670907,4.07099184782609,3.068,22.727,25.011,20.708,31.23,0.334,0.294,0.709,96.124,180.354,1.876,2.531,11.367,-25.56,-1.24,56.734693877551,0.695970803,195.510001852751,64.9783,75.6809,1.4653,1.7066,0.512,0.0979,0.0316,0.6415,0.0802,14.1322596055415,21.3130416979458,62,106.2245,2.1053,138.115,0.2624,0.0536,0.0105,0.0165,0.4777,0.0212,0.1502,0.1018,0.6278,6.1693,0.0263305730098623,0.325724319578578
"e_y_0_3","elv_inoc","elv","inoc",0,3,"6/17/22","4t","6/22/22","7/2/22","8/6/22",24.75,378.484,0.147,2.098,0.152,0.724,1.391,0.401,4.766,0.794,0.0346,0.0605,0.0311,0.0138,0.0193,0.0247,0.4326,0.4248,0.4522,0.4239,0.4083,0.4304,2.3859,1.6836,2.38592e-06,1.68357333333333e-06,2.38592e-05,1.68357333333333e-05,0.078150016,0.055144885,0.087464065,0.060767722,0.148231786761173,1.41717616498242,3.053,22.221,25.01,21.054,33.211,0.258,0.171,0.626,100.959,182.416,1.807,1.105,11.732,-24.42,-1.14,73.0612244897959,0.643224917278364,120.185812132294,59.3939,68.4038,2.0562,2.3681,0.3832,0.0706,0.0228,0.4765,0.0504,10.2392763349869,16.1516389456279,81.6047,194.2164,3.1967,156.9575,0.3217,0.0755,0.014,0.0191,0.5897,0.0243,0.1704,0.1329,0.7601,5.7185,0.010945037094266,0.288281811646298
"e_y_0_4","elv_inoc","elv","inoc",0,4,"6/17/22","6t","6/22/22","7/2/22","8/6/22",19.514,282.992,0.113,1.707,0.096,0.783,1.201,0.332,4.119,0.687,0.0285,0.0597,0.0242,0.0166,0.0173,0.0309,0.4221,0.4238,0.4195,0.4154,0.4122,0.4333,2.8509,0.561,2.85087e-06,5.61023333333333e-07,2.85087e-05,5.61023333333333e-06,0.093074437,0.0183161388616824,0.104167202187598,0.0201837403569071,0.124350942544505,5.0815533519105,3.063,19.365,25.023,19.768,28.016,0.411,0.36,0.766,89.374,165.96,1.857,3.421,10.486,-26.09,-0.78,100,0.720535062635689,248.937183998186,57.9071,49.574,1.6504,1.4129,0.4227,0.08,0.032,0.5347,0.0607,11.9777023751818,16.9752787203102,48.0973,77.8222,2.2905,124.0384,0.2104,0.0473,0.0135,0.02,0.4989,0.0198,0.1407,0.1006,0.6396,6.357,0.0382773513549802,0.276436303080766
"e_y_35_5","elv_inoc","elv","inoc",35,5,"6/17/22","2b","6/22/22","7/2/22","8/6/22",22.018,257.839,0.112,1.456,0.076,0.524,0.936,0.298,3.29,0.548,0.0369,0.0626,0.0272,0.0119,0.0175,0.0324,0.4264,0.4358,0.4349,0.4295,0.4057,0.4299,1.6179,0.6427,1.61792e-06,6.427e-07,1.61792e-05,6.427e-06,0.05214050918466,0.0207122139864647,0.058354701,0.022824130810346,0.081178832,2.51737980395208,3.103,16.638,25.008,23.363,35.49,0.329,0.329,0.67,107.692,205.409,1.907,1.195,12.182,-25.26,0.49,91.7161436245406,0.682078345214474,171.347795400591,50.8675,45.6786,1.878,1.6865,0.4476,0.087,0.0175,0.552,0.0445,12.4403620873269,18.8977635782748,71.0122,107.8723,2.7534,157.888,0.2941,0.0465,0.0092,0.0111,0.402,0.0186,0.1299,0.0855,0.5318,6.2223,0.0110964602756008,0.318376068376068
"e_y_35_6","elv_inoc","elv","inoc",35,6,"6/17/22","1t","6/23/22","7/2/22","8/6/22",21.95,312.369,0.104,1.521,0.104,0.547,1.284,0.246,3.702,0.617,0.0276,0.0594,0.027,0.0134,0.0194,0.0282,0.4172,0.452,0.4456,0.4496,0.4052,0.4302,2.0902,0.6409,2.09023666666667e-06,6.40933333333333e-07,2.09023666666667e-05,6.40933333333333e-06,0.068263771,0.0209318528195079,0.07639956,0.0230661650737853,0.099465725,3.26123881838985,3.062,22.137,25.005,16.457,25.748,0.277,0.251,0.726,73.592,143.073,1.944,1.927,9.231,-25.3,2.8,78.6542267458298,0.683930179,174.356830161359,47.3804,46.9802,1.3058,1.2948,0.4399,0.0871,0.0279,0.5549,0.058,12.6030019911166,19.7181804257926,59.4116,102.5817,1.9093,107.6016,0.2347,0.0468,0.0106,0.0172,0.5772,0.0146,0.1112,0.0893,0.6884,7.7108,0.0261849114034134,0.191588785046729
"e_y_35_7","elv_inoc","elv","inoc",35,7,"6/17/22","5t","6/22/22","7/2/22","8/6/22",18.769,402.244,0.105,2.294,0.122,0.85,1.721,0.388,5.375,0.896,0.0354,0.0604,0.0247,0.012,0.0158,0.0307,0.4292,0.458,0.4469,0.4139,0.423,0.4333,3.1887,0.7133,3.18873666666667e-06,7.13303333333333e-07,3.18873666666667e-05,7.13303333333333e-06,0.103496808395543,0.023151682,0.115831729242585,0.0255123390902333,0.141344068332819,4.47037959540354,3.081,22.974,24.991,17.165,28.478,0.247,0.251,0.685,87.76,163.023,1.858,3.656,10.986,-24.94,0.8,89.9632456884365,0.667269145790005,149.344558118329,55.9433,53.1035,1.981,1.8804,0.3458,0.0655,0.0273,0.4386,0.0482,8.6648157496214,14.3755678950025,69.4939,113.4582,2.9687,131.5211,0.2932,0.0648,0.0135,0.0207,0.7123,0.0234,0.1777,0.1224,0.89,7.2735,0.0416590701914312,0.225450319581639
"e_y_35_8","elv_inoc","elv","inoc",35,8,"6/17/22","5t","6/22/22","7/2/22","8/6/22",21.148,275.226,0.118,1.488,0.137,0.549,0.993,0.3,3.467,0.578,0.0277,0.061,0.0273,0.0137,0.0184,0.029,0.4226,0.4628,0.4407,0.4157,0.4122,0.4368,3.195,0.8843,3.19504666666667e-06,8.84258333333333e-07,3.19504666666667e-05,8.84258333333333e-06,0.10513480311506,0.0290970165624657,0.117664942882631,0.032063888,0.149728831013882,3.61325027565474,3.039,25.139,25.016,18.632,27.97,0.324,0.293,0.731,80.813,153.905,1.904,1.776,9.903,-25.74,0.95,89.115069267741,0.704310384902271,211.950969001434,55.7972,54.497,1.5467,1.5107,0.4078,0.0791,0.036,0.523,0.0615,12.0462921057736,18.0836619900433,57.5062,95.4608,2.196,114.7406,0.2222,0.0477,0.0101,0.0136,0.4128,0.0183,0.1388,0.0897,0.5516,6.1503,0.0219766621706904,0.302114803625378
"e_y_70_9","elv_inoc","elv","inoc",70,9,"6/17/22","4t","6/23/22","7/2/22","8/6/22",21.859,485.974,0.124,3.088,0.116,1.137,1.857,0.481,6.679,1.113,0.0287,0.0594,0.0228,0.0153,0.0168,0.0259,0.4262,0.4551,0.4391,0.4232,0.4101,0.4357,1.7007,0.8314,1.70066e-06,8.3139e-07,1.70066e-05,8.3139e-06,0.0542475279106858,0.0265196172248804,0.0607128380327985,0.0292236847773264,0.089936523,2.04556225116973,3.135,21.79,25.009,17.628,28.53,0.26,0.252,0.691,91.651,167.641,1.829,3.973,10.891,-24.68,3.11,86.0365749444539,0.655243826688896,133.857911897478,56.7272,53.2354,1.6258,1.5257,0.44,0.082,0.0214,0.5434,0.0598,10.8426620740559,17.5482839217616,67.8,113.2143,2.4812,139.8731,0.3007,0.0774,0.0191,0.0284,0.7858,0.0286,0.2189,0.1535,1.0047,6.546,0.0433492269587893,0.259019924609585
"e_y_70_10","elv_inoc","elv","inoc",70,10,"6/17/22","6b","6/22/22","7/2/22","8/6/22",20.524,230.728,0.111,1.264,0.094,0.517,1.152,0.245,3.272,0.545,0.0238,0.0595,0.022,0.0164,0.0152,0.0304,0.4212,0.4542,0.4407,0.4127,0.4101,0.4409,3.1512,0.6888,3.15116e-06,6.8883e-07,3.15116e-05,6.8883e-06,0.102878223963435,0.022488736532811,0.115139420894489,0.0247817961285893,0.139921217023078,4.57465557539596,3.063,NA,25.012,18.412,24.623,0.405,0.393,0.779,84.042,154.735,1.841,3.715,9.367,-26.44,4.39,81.6612544864126,0.736771406,294.063730842473,54.083,NA,1.2856,NA,0.5102,0.0957,NA,NA,0.0708,14.3217174859988,19.1529247044182,45.4617,62.6539,1.7448,114.0679,0.201,0.0327,0.0079,0.0189,0.4755,0.0146,0.1113,0.074,0.5868,7.9259,0.0442040884319745,0.212673611111111
"e_y_70_11","elv_inoc","elv","inoc",70,11,"6/17/22","3t","6/22/22","7/2/22","8/6/22",27.185,418.726,0.169,2.415,0.135,1.023,1.511,0.352,5.436,0.906,0.0249,0.0591,0.0229,0.013,0.0148,0.0201,0.4251,0.4635,0.4319,0.4241,0.42,0.4291,1.671,0.3845,1.67105e-06,3.84495e-07,1.67105e-05,3.84495e-06,0.053456494,0.0122999040307102,0.059827527,0.0135540613251239,0.073381589,4.34609032627212,3.126,20.635,25.018,23.507,35.24,0.369,0.346,0.699,108.414,204.846,1.889,2.061,12.138,-25.47,4.79,80.2939668432747,0.691802167781739,187.86078729943,62.1666,65.4228,1.5467,1.6277,0.5471,0.1053,0.0164,0.6688,0.0714,15.198163832676,22.7839917243163,63.7046,101.8497,2.2358,156.7124,0.2758,0.0629,0.0151,0.0196,0.6408,0.0208,0.1632,0.1184,0.8039,6.7907,0.0190104599037025,0.232958305757776
"e_y_70_12","elv_inoc","elv","inoc",70,12,"6/17/22","5b","6/22/22","7/2/22","8/6/22",26.006,436.227,0.172,2.605,0.163,1.066,1.823,0.382,6.039,1.007,0.0239,0.0653,0.0222,0.014,0.0146,0.0212,0.4243,0.4538,0.456,0.4187,0.4228,0.4344,2.5379,0.4183,2.53788666666667e-06,4.1832e-07,2.53788666666667e-05,4.1832e-06,0.081368601,0.0134119910227637,0.091066246,0.0147795420485126,0.105845787582803,6.06685472046918,3.119,22.592,25.002,17.787,28.24,0.285,0.301,0.712,86.626,164.628,1.9,3.441,10.383,-25.48,4.64,80.8066997094514,0.692265311483704,188.692939629929,66.1386,72.1494,1.5781,1.7215,0.4284,0.083,0.0224,0.5338,0.0763,11.2711488498828,17.8949369494962,62.4105,93.8206,2.2796,125.1341,0.2632,0.0657,0.0156,0.0255,0.7633,0.0249,0.1733,0.1318,0.9366,7.1085,0.0397224851661164,0.209544706527702
"e_y_105_13","elv_inoc","elv","inoc",105,13,"6/17/22","4b","6/21/22","7/2/22","8/6/22",29.793,617.345,0.192,3.495,0.164,1.419,2.126,0.494,7.698,1.283,0.0257,0.059,0.0221,0.0142,0.0158,0.0239,0.4295,0.4477,0.413,0.428,0.4093,0.4276,2.6995,0.5862,2.69952e-06,5.86203333333333e-07,2.69952e-05,5.86203333333333e-06,0.087306598,0.018958711,0.097711942,0.020891832,0.118603774272132,4.60509152114454,3.092,26.67,25.011,23.015,33.365,0.328,0.322,0.673,106.766,197.329,1.848,1.538,11.508,-25.77,5.65,80.9050295431618,0.705700614773893,214.849319689428,64.4447,61.4923,1.6549,1.5791,0.5035,0.0948,0.0273,0.6257,0.0702,13.9071847241525,20.1613390537193,70.1677,103.618,2.3451,151.2908,0.2909,0.0865,0.0224,0.0301,0.9099,0.0292,0.2212,0.1682,1.1311,6.7258,0.0144053350317517,0.23236124176858
"e_y_105_14","elv_inoc","elv","inoc",105,14,"6/17/22","6t","6/23/22","7/2/22","8/6/22",27.393,539.117,0.171,3.155,0.137,1.525,2.39,0.399,7.606,1.268,0.0219,0.0587,0.0225,0.016,0.0137,0.0204,0.4231,0.45,0.4326,0.4164,0.409,0.4224,2.2939,0.736,2.29387e-06,7.3599e-07,2.29387e-05,7.3599e-06,0.074718893,0.0239736156351791,0.083624014,0.026418081,0.110042094366753,3.11671354230357,3.07,22.034,28.851,19.441,34.753,0.305,0.277,0.705,95.228,172.043,1.807,3.506,12.724,-24.91,11.67,63.5538261997406,0.665881281684479,147.455857986339,62.4247,62.1766,1.3671,1.3617,0.5437,0.1001,0.0294,0.6731,0.0813,14.2206129763733,25.4209640845586,63.741,125.4621,2.0531,143.0105,0.275,0.0776,0.0209,0.0381,0.9951,0.0234,0.1796,0.1601,1.1746,7.3368,0.0368169025916747,0.166945606694561
"e_y_105_15","elv_inoc","elv","inoc",105,15,"6/17/22","1t","6/22/22","7/2/22","8/6/22",25.635,558.797,0.165,2.966,0.143,1.48,2.442,0.345,7.376,1.229,0.0215,0.0563,0.025,0.0134,0.0147,0.0225,0.418,0.4563,0.4342,0.4314,0.4073,0.4291,2.1458,0.5077,2.14579333333333e-06,5.07693333333333e-07,2.14579333333333e-05,5.07693333333333e-06,0.069533161,0.016451501,0.077820238,0.0181289755079407,0.095949213,4.226554088,3.086,22.536,25.003,18.912,29.083,0.295,0.305,0.704,88.631,169.443,1.912,2.34,10.376,-24.49,7.55,75.4287361291252,0.646460147256055,123.703336427838,64.3651,63.454,1.3858,1.3662,0.4992,0.0972,0.0255,0.622,0.0837,13.6469909077789,20.9864338288353,64.1085,95.3541,2.1436,137.102,0.2693,0.0808,0.0217,0.0328,1.0536,0.0194,0.1574,0.1547,1.211,7.8291,0.0264015976351389,0.141277641277641
"e_y_105_16","elv_inoc","elv","inoc",105,16,"6/17/22","1b","6/23/22","7/2/22","8/6/22",30.357,468.351,0.191,2.469,0.178,0.985,1.553,0.43,5.615,0.936,0.022,0.0591,0.0258,0.0152,0.0141,0.0239,0.4219,0.447,0.4386,0.4229,0.3989,0.4339,2.3413,0.4428,2.34133666666667e-06,4.4279e-07,2.34133666666667e-05,4.4279e-06,0.077785271,0.0147106312292359,0.087055849,0.0162105978481227,0.103266446487566,5.28769092948501,3.01,26.614,25.002,21.07,30.841,0.382,0.394,0.736,97.007,181.266,1.869,2.909,11.091,-25.45,7.66,75.1116875630494,0.690875908892121,186.209489531332,62.9179,66.8821,1.3861,1.4734,0.5462,0.104,0.0255,0.6757,0.081,15.2009234542962,22.250198398384,55.1571,78.2766,2.0063,140.4116,0.2469,0.0719,0.0139,0.0236,0.6567,0.0254,0.1922,0.1348,0.849,6.2992,0.0299875266733328,0.276883451384417
"e_y_140_17","elv_inoc","elv","inoc",140,17,"6/17/22","2t","6/23/22","7/2/22","8/6/22",20.808,524.333,0.111,2.96,0.104,1.594,2.158,0.335,7.151,1.192,0.0219,0.0586,0.0216,0.0154,0.0099,0.0244,0.4211,0.4387,0.4256,0.4296,0.3565,0.4322,1.6899,0,1.68993e-06,0,1.68993e-05,0,0.054112392,0,0.060561596,0,0.060561596,Inf,3.123,18.822,25.008,15.907,21.728,0.324,0.349,0.767,70.269,130.732,1.86,2.293,7.915,-25.06,13.23,59.4981823365885,0.672821456,157.185655834128,53.3449,55.2545,1.1683,1.2101,0.4695,0.089,0.0182,0.5767,0.0764,13.6155097149705,18.5979628520072,49.0957,62.2579,1.7363,104.4393,0.2079,0.0685,0.0157,0.0333,0.9271,0.0196,0.147,0.1371,1.074,7.832,0.0326317437276751,0.155236329935125
"e_y_140_18","elv_inoc","elv","inoc",140,18,"6/17/22","2b","6/22/22","7/2/22","8/6/22",27.31,488.27,0.165,2.697,0.136,1.229,1.833,0.351,6.246,1.041,0.0249,0.0575,0.0214,0.0143,0.0139,0.0256,0.4204,0.4556,0.44,0.4179,0.4281,0.4366,1.5402,0,1.54021666666667e-06,0,1.54021666666667e-05,0,0.05051547,0,0.0565359867856642,0,0.0565359867856642,Inf,3.049,24.401,24.997,17.449,30.572,0.254,0.265,0.688,79.587,165.036,2.074,1.198,10.418,-24.55,8.46,73.0985815097298,0.649233571,126.811818616355,60.4174,55.7354,1.5032,1.3867,0.4132,0.0873,0.0148,0.5154,0.0706,11.6079031399681,20.3379457158063,68.6969,115.366,2.3153,122.5861,0.2773,0.0651,0.0171,0.0262,0.766,0.0202,0.1599,0.1286,0.9259,7.201,0.0150527096133791,0.191489361702128
"e_y_140_19","elv_inoc","elv","inoc",140,19,"6/17/22","4t","6/23/22","7/2/22","8/6/22",31.772,598.526,0.268,3.685,0.152,1.389,1.902,0.518,7.646,1.274,0.0168,0.0588,0.0238,0.0162,0.0171,0.0221,0.4143,0.442,0.4436,0.4304,0.4115,0.4326,1.5679,0.2286,1.56790333333333e-06,2.28553333333333e-07,1.56790333333333e-05,2.28553333333333e-06,0.05214178,0.007600709,0.058356124,0.008375714,0.066731838,6.86012017618062,3.007,25.487,25.003,22.915,33.711,0.37,0.367,0.706,108.413,200.046,1.845,3.009,12.162,-25.29,14.87,54.8221541093449,0.683467206195319,173.598784853215,84.351,59.6382,1.4146,1.0001,0.5982,0.1125,0.0243,0.7349,0.1194,16.198925491305,23.8307648805316,61.9324,91.8556,2.0697,158.6221,0.2728,0.0946,0.0237,0.0307,0.8186,0.0305,0.229,0.1795,1.0475,5.8346,0.0277549740344793,0.272344900105152
"e_y_140_20","elv_inoc","elv","inoc",140,20,"6/17/22","1t","6/23/22","7/2/22","8/6/22",27.568,707.295,0.19,4.124,0.18,1.893,2.678,0.548,9.423,1.571,0.024,0.0578,0.0263,0.0156,0.0157,0.0224,0.421,0.4528,0.4356,0.4409,0.4197,0.4351,2.003,0.2703,2.00296666666667e-06,2.70293333333333e-07,2.00296666666667e-05,2.70293333333333e-06,0.065031385,0.008775758,0.072781933,0.009670576,0.082452509,7.410344317,3.08,26.347,25.005,19.197,30.657,0.274,0.225,0.678,96.5,176.805,1.832,3.136,11.334,-25.16,10.18,68.194454344572,0.677449425984516,164.088058599808,68.9205,68.319,1.6534,1.639,0.4555,0.085,0.0183,0.5589,0.0771,11.6106205394944,18.5417926696504,70.062,136.2533,2.4406,142.4461,0.3042,0.1173,0.0298,0.0419,1.1807,0.0317,0.2481,0.2206,1.4288,6.4781,0.0324974093264249,0.204630321135176
"e_y_210_21","elv_inoc","elv","inoc",210,21,"6/17/22","3t","6/23/22","7/2/22","8/6/22",20.368,558.312,0.105,3.418,0.117,1.514,2.361,0.296,7.706,1.284,0.029,0.0598,0.0216,0.0108,0.0122,0.0258,0.4237,0.4383,0.447,0.4255,0.4158,0.4363,NA,NA,NA,NA,NA,NA,NA,NA,NA,NA,NA,NA,3.058,21.726,25.006,17.225,26.391,0.317,0.321,0.746,73.236,142.798,1.95,1.55,9.364,-25.31,18.15,45.6856155630236,0.684393161013411,175.11877387096,51.5515,53.8525,1.4965,1.5633,0.3819,0.0759,NA,NA,0.0569,11.5101904443702,17.6351486802539,54.3375,82.215,2.1867,107.0087,0.2087,0.0801,0.0184,0.0255,1.0046,0.0177,0.1297,0.1417,1.1343,8.0033,0.0211644546397946,0.125370605675561
"e_y_210_22","elv_inoc","elv","inoc",210,22,"6/17/22","6t","6/22/22","7/2/22","8/6/22",24.863,602.916,0.148,3.702,0.141,2.369,4.414,0.257,10.883,1.814,0.0185,0.0554,0.0192,0.0118,0.011,0.0165,0.4201,0.4548,0.446,0.4068,0.4119,0.4251,1.7539,0.3858,1.75391666666667e-06,3.85796666666667e-07,1.75391666666667e-05,3.85796666666667e-06,0.057980716,0.012753608815427,0.064890954,0.0140540280289453,0.078944982,4.54622037515444,3.025,21.098,25.008,15.085,22.647,0.274,0.282,0.746,68.667,134.047,1.952,2.545,8.514,-24.97,19.68,41.3404648080655,0.668657095299924,151.26136947949,59.5262,66.831,1.0989,1.2337,0.4877,0.097,0.0233,0.608,0.0947,13.7273637273637,20.6087906087906,55.0547,80.3085,1.6434,102.6939,0.2192,0.0763,0.026,0.0522,1.7955,0.0142,0.1169,0.1688,1.9124,11.3301,0.0370629268789957,0.058223833257816
"e_y_210_23","elv_inoc","elv","inoc",210,23,"6/17/22","1t","6/23/22","7/2/22","8/6/22",23.385,623.294,0.129,3.688,0.104,1.828,2.536,0.177,8.333,1.389,0.0255,0.0549,0.0191,0.0137,0.0101,0.0219,0.4221,0.4501,0.4264,0.4557,0.409,0.4222,1.5671,0,1.56706e-06,0,1.56706e-05,0,0.049763735,0,0.0556946587267013,0,0.0556946587267013,Inf,3.149,20.44,25.006,19.428,27.934,0.371,0.35,0.75,84.625,164.609,1.945,1.941,9.909,-24.55,19.79,41.0280683485587,0.649233571,126.811818616355,55.1636,50.8806,1.4083,1.299,0.469,0.093,0.0156,0.5775,0.0664,13.795356103103,19.8352623730739,52.3666,79.8114,2.1692,130.346,0.223,0.0764,0.0185,0.0346,1.1557,0.0097,0.0797,0.1392,1.2353,8.8723,0.0229364844903988,0.069794952681388
"e_y_210_24","elv_inoc","elv","inoc",210,24,"6/17/22","2t","6/22/22","7/2/22","8/6/22",24.857,778.588,0.153,4.77,0.118,2.587,3.64,0.278,11.393,1.899,0.0206,0.0572,0.02,0.0142,0.0101,0.0189,0.4227,0.4296,0.4414,0.4566,0.3535,0.4202,1.7086,1.4819,1.70864e-06,1.48187e-06,1.70864e-05,1.48187e-05,0.055710466,0.048316596,0.062350131787745,0.053243188229001,0.115593320016746,1.15302961798268,3.067,22.424,24.991,15.039,22.154,0.274,0.288,0.746,69.622,130.373,1.873,2.773,8.191,-24.85,20.06,40.2612770388602,0.663105809655081,143.760795527496,61.5521,52.6222,1.2686,1.0845,0.4283,0.0817,0.0388,0.5488,0.0859,11.8548005675548,17.4633454201482,54.8869,76.9236,1.9131,104.9938,0.2246,0.1007,0.0261,0.0517,1.6619,0.0159,0.1194,0.1944,1.7813,9.1615,0.0398293642814053,0.0763736263736264
"e_y_280_25","elv_inoc","elv","inoc",280,25,"6/17/22","1b","6/22/22","7/2/22","8/6/22",31.947,748.133,0.261,4.852,0.193,2.592,3.295,0.239,11.171,1.862,0.0215,0.0585,0.0197,0.0148,0.0126,0.0213,0.4269,0.4523,0.4383,0.4436,0.4132,0.4375,3.356,2.3161,3.35597333333333e-06,2.31609666666667e-06,3.35597333333333e-05,2.31609666666667e-05,0.109887797424143,0.075838136,0.122984406916703,0.083570956,0.206555363287949,1.44897809389073,3.054,25.242,25.006,16.434,29.419,0.195,0.186,0.628,90.278,171.66,1.901,3.475,11.007,-23.2,16.71,39.1745485812554,0.586913945,73.7939076091557,81.6978,76.4599,1.7598,1.6469,0.4004,0.0776,0.0456,0.5236,0.0918,9.33856120013638,16.7172405955222,84.2769,158.1667,2.9983,153.8181,0.3497,0.1053,0.0326,0.0489,1.4617,0.014,0.1081,0.2008,1.5698,7.8195,0.0384922129422451,0.0725341426403642
"e_y_280_26","elv_inoc","elv","inoc",280,26,"6/17/22","1b","6/23/22","7/2/22","8/6/22",22.24,851.228,0.139,5.626,0.162,3.146,4.421,0.204,13.559,2.26,0.022,0.0557,0.0195,0.0146,0.0111,0.0189,0.4223,0.4498,0.4386,0.4517,0.4222,0.4304,1.8565,0.9882,1.85654e-06,9.8816e-07,1.85654e-05,9.8816e-06,0.06033604159896,0.032114397,0.067526991,0.035388935,0.102915926180886,1.87878481217617,3.077,25.901,25.003,14.629,23.871,0.245,0.245,0.728,72.988,137.935,1.89,3.683,9.284,-23.86,18.77,32.0894239036973,0.617359781576216,95.7740548652129,62.5,62.5458,1.3725,1.3735,0.4151,0.0799,0.0272,0.5222,0.0811,10.6586520947177,17.392349726776,59.7102,97.4327,2.2232,118.226,0.252,0.1162,0.035,0.0644,1.9968,0.0114,0.0918,0.2269,2.0886,9.2043,0.0504603496465172,0.0461434064691246
"e_y_280_27","elv_inoc","elv","inoc",280,27,"6/17/22","6b","6/22/22","7/2/22","8/6/22",27.458,924.723,0.232,6.573,0.173,3.553,5.527,0.439,16.265,2.711,0.0186,0.0572,0.02,0.0161,0.013,0.0189,0.4229,0.4624,0.432,0.4535,0.4214,0.4334,2.894,0.6444,2.89402e-06,6.44373333333333e-07,2.89402e-05,6.44373333333333e-06,0.093961688,0.0209212121212121,0.10516019777248,0.0230544393987814,0.128214637,4.49121627214037,3.08,22.185,25.003,16.837,25.98,0.22,0.229,0.659,86.862,161.126,1.855,3.088,9.716,-23.54,18.1,34.3938091143594,0.602593024053677,84.33507,84.4927,77.9806,1.5749,1.4536,0.4305,0.0814,0.0321,0.5439,0.1075,10.6908375134929,16.4962854784431,76.5318,113.4498,2.6136,144.147,0.3147,0.1389,0.0464,0.0892,2.5067,0.0251,0.203,0.2996,2.7097,9.0436,0.0355506435495384,0.0794282612628913
"e_y_280_28","elv_inoc","elv","inoc",280,28,"6/17/22","3t","6/22/22","7/2/22","8/6/22",29.164,706.491,0.22,4.406,0.198,2.009,3.488,0.231,10.332,1.722,0.0199,0.0567,0.042,0.0122,0.0097,0.0171,0.4189,0.4532,0.5693,0.435,0.4192,0.4259,2.078,0.9733,2.07797333333333e-06,9.73266666666666e-07,2.07797333333333e-05,9.73266666666666e-06,0.066751472,0.031264589,0.074707023,0.034452477058704,0.109159500282145,2.1350503459141,3.113,25.134,24.998,13.105,25.29,0.15,0.131,0.621,65.241,137.053,2.101,0.866,NA,-25.02,22.2,20.2923473774721,0.670970534292078,154.5199223249,75.4355,78.7778,1.4997,1.5661,0.3395,0.0727,0.0253,0.4376,0.0964,8.73841434953657,16.8633726745349,87.3667,193.0534,2.2351,97.2338,0.3417,0.1931,0.0195,0.0426,1.5172,0.0131,0.1047,0.2683,1.6219,6.0441,0.0132738615287932,0.0662270642201835
"e_y_350_29","elv_inoc","elv","inoc",350,29,"6/17/22","2b","6/22/22","7/2/22","8/6/22",27.117,767.526,0.175,5.003,0.152,2.652,3.353,0.29,11.45,1.908,0.0249,0.0549,0.0197,0.0143,0.0093,0.0223,0.4272,0.4387,0.416,0.4495,0.4232,0.4333,1.8907,0.2171,1.89074e-06,2.1709e-07,1.89074e-05,2.1709e-06,0.0624831460674157,0.007174157,0.069929991,0.007905669,0.07783566,8.70947533281128,3.026,25.323,25.006,18.53,26.812,0.249,0.248,0.663,108.985,189.622,1.74,6.11,10.866,-24.28,18.06,24.4492954951379,0.636755849932124,113.485630203251,64.5352,60.0245,1.6095,1.497,0.5285,0.0937,0.0189,0.6411,0.0723,11.5128922025474,16.6585896241069,74.4177,108.1129,2.5277,171.1567,0.3519,0.1067,0.0247,0.048,1.507,0.0159,0.1272,0.1954,1.6343,8.3621,0.0560627609304033,0.0864897107068297
"e_y_350_30","elv_inoc","elv","inoc",350,30,"6/17/22","1b","6/22/22","7/2/22","8/6/22",28.205,696.336,0.194,4.484,0.177,2.108,3.311,0.28,10.36,1.727,0.0235,0.0573,0.0219,0.0155,0.0121,0.0208,0.4255,0.4494,0.4324,0.4473,0.4151,0.4322,1.812,0.1901,1.81202666666667e-06,1.90133333333333e-07,1.81202666666667e-05,1.90133333333333e-06,0.059235916,0.006215539,0.06629575,0.006849305,0.073145055,9.53029453015428,3.059,27.982,25.006,18.193,28.774,0.278,0.283,0.699,91.047,167.627,1.841,3.687,10.778,-23.5,16.34,31.2760468346894,0.600747859859098,83.0139557309912,68.7821,63.2549,1.6157,1.4859,0.4398,0.0825,0.0179,0.5402,0.0787,11.2601349260383,17.8089991953952,65.4424,101.6749,2.6895,151.5561,0.281,0.1071,0.0255,0.0514,1.4811,0.016,0.1258,0.2,1.6069,8.0342,0.0404955682230057,0.0845665961945032
"e_y_350_31","elv_inoc","elv","inoc",350,31,"6/17/22","4b","6/21/22","7/2/22","8/6/22",28.641,752.821,0.249,5.235,0.224,3.468,3.648,0.177,12.752,2.125,0.0177,0.0547,0.0178,0.0116,0.0088,0.0171,0.4278,0.447,0.4365,0.4514,0.426,0.4367,2.8771,0.679,2.87708333333333e-06,6.79013333333333e-07,2.87708333333333e-05,6.79013333333333e-06,0.09268954,0.0218754295532646,0.103736433143453,0.0241059534235452,0.127842386566998,4.23715292777756,3.104,26.496,24.997,16.019,28.813,0.171,0.173,0.593,83.612,161.638,1.933,1.031,9.815,-23.02,20.79,13.6138122643382,0.57861767464214,68.7967303084355,86.9383,84.5411,1.5414,1.4989,0.4234,0.0834,0.031,0.5378,0.1142,10.3925003243804,18.6927468535098,93.6784,166.5491,2.664,144.503,0.374,0.1015,0.0307,0.0424,1.6469,0.0097,0.0791,0.1842,1.726,9.3679,0.0123307659187676,0.0485197368421053
"e_y_350_32","elv_inoc","elv","inoc",350,32,"6/17/22","4b","6/22/22","7/2/22","8/6/22",28.841,711.044,0.242,5.122,0.187,2.849,6.955,0.093,15.206,2.534,0.0195,0.0603,0.0197,0.0097,0.0104,0.0176,0.4261,0.4513,0.4474,0.4097,0.4285,0.4319,2.9626,0.594,2.96259333333333e-06,5.9401e-07,2.96259333333333e-05,5.9401e-06,0.097261764,0.0195013131976362,0.108853582010451,0.0214897607608364,0.130343342771287,4.987446900445,3.046,24.217,25.005,17.641,28.846,0.21,0.204,0.628,87.049,164.101,1.885,1.356,9.982,-23.04,20.66,14.129787656281,0.5795393315278,69.3336276120972,83.9083,77.2185,1.6337,1.5034,0.4159,0.0799,0.0315,0.5273,0.1026,10.7981881618412,17.6568525433066,84.0048,141.402,2.819,150.2038,0.3308,0.1094,0.0296,0.0673,2.8492,0.0056,0.042,0.2119,2.8912,13.6431,0.0155774333995795,0.013371675053918
"e_y_630_33","elv_inoc","elv","inoc",630,33,"6/17/22","2t","6/23/22","7/2/22","8/6/22",25.844,778.835,0.206,5.258,0.181,3.336,4.297,0.023,13.095,2.183,0.0286,0.0524,0.0318,0.0185,0.0216,0.0306,0.4385,0.4502,0.4375,0.4336,0.414,0.4463,3.1691,0.6946,3.16910333333333e-06,6.94623333333333e-07,3.16910333333333e-05,6.94623333333333e-06,0.102993283501246,0.0225746939659842,0.115268193418368,0.0248765181945234,0.140144711612891,4.56233354287936,3.077,24.744,24.993,9.105,16.863,0.107,0.117,0.638,51.067,97.57,1.911,2.357,6.453,-21.12,14.4,2.02325951887844,0.491232007812271,33.215410006772,79.709,73.149,2.2797,2.0921,0.1748,0.034,0.0244,0.2332,0.0685,3.99394657191736,7.39702592446374,85.0935,144.1282,4.6407,103.957,0.3451,0.1781,0.0722,0.0793,1.863,0.0012,0.0104,0.3308,1.8733,5.6624,0.0461550512072376,0.00535257156155457
"e_y_630_34","elv_inoc","elv","inoc",630,34,"6/17/22","3t","6/23/22","7/2/22","8/6/22",24.452,885.543,0.148,6.758,0.144,2.951,4.213,0.047,14.113,2.352,0.0422,0.0526,0.0157,0.0215,0.0256,0.0361,0.4432,0.4403,0.3409,0.4241,0.4093,0.4363,3.1491,0.608,3.14914666666667e-06,6.07963333333333e-07,3.14914666666667e-05,6.07963333333333e-06,0.104866688866689,0.020245199,0.117364874334578,0.022309497,0.139674371337453,5.179829924,3.003,23.908,24.998,18.585,32.112,0.208,0.217,0.605,123.578,214.502,1.736,6.967,12.936,-21.95,13.26,9.287876374,0.529363983890849,45.5918551535637,60.5267,60.2309,2.5518,2.5393,0.378,0.0669,0.02,0.4648,0.0417,7.28309428638608,12.5840583117799,89.351,147.9816,4.8205,233.4462,0.426,0.1185,0.0756,0.0906,1.7866,0.0025,0.0207,0.2871,1.8073,6.2949,0.0563773487190277,0.0111559458817944
"e_y_630_35","elv_inoc","elv","inoc",630,35,"6/17/22","4b","6/21/22","7/2/22","8/6/22",27.962,997.52,0.168,7.008,0.156,3.636,4.708,0.037,15.545,2.591,0.0366,0.05,0.0286,0.0181,0.0218,0.036,0.4424,0.4486,0.4355,0.4334,0.4139,0.4429,4.0686,0.9696,4.06864333333333e-06,9.6963e-07,4.06864333333333e-05,9.6963e-06,0.134322988885221,0.032011555,0.150331824921065,0.035275607,0.185607431793619,4.1960782291527,3.029,27.569,25.002,18.086,23.177,0.284,0.297,0.707,77.265,137.307,1.777,1.025,8.007,-22.8,13.22,9.54277521108809,0.568481938844796,63.1745976871311,60.0815,56.5853,2.1966,2.0688,0.2745,0.0497,0.0326,0.3569,0.048,8.23363379768733,10.5513065646909,63.6831,78.037,3.8639,135.9146,0.2329,0.2121,0.0792,0.0851,2.0406,0.0019,0.0166,0.3783,2.0572,5.4388,0.0132660324856015,0.0078589634664401
"e_y_630_36","elv_inoc","elv","inoc",630,36,"6/17/22","2t","6/22/22","7/2/22","8/6/22",34.066,1157.434,0.27,7.746,0.243,4.152,4.811,0.035,16.987,2.831,0.029,0.0479,0.0285,0.0162,0.0217,0.0308,0.438,0.4293,0.4341,0.4363,0.4185,0.438,3.5354,0.6949,3.53536e-06,6.94865e-07,3.53536e-05,6.94865e-06,0.116065659881812,0.022812377,0.129898557242574,0.0251384364086103,0.155036993651184,5.08783720578818,3.046,32.652,24.993,18.27,28.983,0.226,0.23,0.638,96.544,174.996,1.813,2.891,10.604,-21.8,15.11,0,0.522467872,43.0550694491778,79.2579,74.4212,2.2945,2.1545,0.3284,0.0607,0.0262,0.4152,0.0675,7.96251906733493,12.6315101329266,80.8407,126.013,4.3917,184.7846,0.344,0.236,0.0903,0.0781,2.0989,0.0017,0.015,0.4061,2.114,5.2054,0.0299448955916473,0.00727499480357514
"e_n_0_38","elv_no.inoc","elv","no.inoc",0,38,"6/17/22","4t","6/23/22","7/2/22","8/6/22",5.698,32.139,0.021,0.106,0.015,0.133,0.407,0.005,0.666,0.111,0.0247,0.0467,0.0163,0.0109,0.0103,0.0279,0.4046,0.4437,0.3521,0.3909,0.4066,0.4152,0.3048,0,3.0475e-07,0,3.0475e-06,0,0.0247161394971614,0,0.02766185,0,0.02766185,Inf,1.233,4.208,24.997,7.05,11.785,0.114,0.125,0.731,35.631,66.881,1.877,1.931,4.628,-23.84,-1.73,0,0.616436575592408,95.0110591892924,36.855,35.6464,0.9092,0.8794,0.3059,0.0585,0.0114,0.3758,0.0587,7.7540695116586,12.961944566652,61.8421,94.28,1.475,57.8016,0.2511,0.0026,0.0014,0.0044,0.1591,2e-04,0.0022,0.0086,0.1613,18.6518,0.054194381297185,0.0122850122850123
"e_n_0_39","elv_no.inoc","elv","no.inoc",0,39,"6/17/22","2b","6/23/22","7/2/22","8/6/22",8.056,50.355,0.052,0.204,0.029,0.247,0.621,0.022,1.123,0.187,0.0071,0.0302,0.0124,0.0077,0.0053,0.0092,0.3893,0.4374,0.3969,0.4072,0.4058,0.3996,1.2219,1.4797,1.22185e-06,1.479735e-06,1.22185e-05,1.479735e-05,0.037653312788906,0.045600462,0.0421408968997616,0.0502501044107406,0.092391001,0.825722173226963,3.245,4.704,24.998,2.548,5.1,0.037,0.039,0.71,19.949,37.385,1.874,2.459,NA,-23.06,-0.22,100,0.58046102614994,69.8750067613161,64.5482,61.6497,0.4602,0.4396,0.3383,0.0646,0.0764,0.4793,0.2529,5.53672316384181,11.0821382007823,68.8649,130.7692,0.7929,34.3675,0.3455,0.0031,0.0013,0.0048,0.2529,7e-04,0.0096,0.0098,0.2625,26.6884,0.123264324026267,0.035426731078905
"e_n_70_46","elv_no.inoc","elv","no.inoc",70,46,"6/17/22","1t","6/23/22","7/2/22","8/6/22",11.055,105.974,0.073,0.52,0.059,0.25,0.835,0.027,1.691,0.282,0.0113,0.0348,0.0154,0.0093,0.0065,0.0163,0.4008,0.4471,0.4246,0.4414,0.4102,0.4061,0.5628,0,5.62753333333333e-07,0,5.62753333333333e-06,0,0.0179908354646206,0,0.0201350129988703,0,0.0201350129988703,Inf,3.128,11.041,25.003,7.839,14.109,0.112,0.114,0.698,38.901,75.402,1.938,1.539,5.381,-24.9,28.28,0,0.665418679293362,146.832451192426,66.0335,53.4372,0.7442,0.6022,0.408,0.0806,0.0122,0.5007,0.1614,10.5334587476485,18.9586132760011,69.9911,123.7632,1.1184,58.4609,0.2773,0.0095,0.0016,0.0077,0.3685,9e-04,0.0121,0.0198,0.3806,19.2097,0.0395619649880466,0.0323353293413174
"e_n_105_49","elv_no.inoc","elv","no.inoc",105,49,"6/17/22","2t","6/23/22","7/2/22","8/6/22",20.23,208.274,0.109,1.036,0.092,0.737,1.27,0,3.135,0.523,0.0156,NA,0.0159,0.009,0.0073,0.0156,0.4074,NA,0.4056,0.4102,0.3991,0.4205,0.8108,0,8.1076e-07,0,8.1076e-06,0,0.0260610736097718,0,0.0291670754773553,0,0.0291670754773553,Inf,3.111,16.973,24.988,7.564,15.642,0.083,0.109,0.614,45.013,89.017,1.978,1.983,5.772,-23.13,32.92,2.30580775327856,0.58368725453566,71.805767066099,53.8804,54.2037,0.8405,0.8456,0.418,0.0842,0.0125,0.5147,0.1077,8.99940511600238,18.6103509815586,91.1325,143.5046,1.44,77.1184,0.3875,0.0196,0.0054,0.0115,0.5209,0,0,0.0365,0.5209,14.2901,0.0440539399728967,0
"e_n_105_50","elv_no.inoc","elv","no.inoc",105,50,"6/17/22","1t","6/22/22","7/2/22","8/6/22",17.234,176.261,0.094,0.982,0.073,0.547,1.033,0.04,2.675,0.446,0.0076,0.0365,0.015,0.0087,0.0083,0.0187,0.2071,0.4377,0.4194,0.4441,0.4199,0.4236,1.0227,0.051,1.02266333333333e-06,5.097e-08,1.02266333333333e-05,5.097e-07,0.034009422,0.001695045,0.038062722,0.00186788,0.039930602,20.0640245896279,3.007,13.68,24.999,11.844,18.361,0.217,0.228,0.752,56.107,108.323,1.931,2.502,6.96,-24.33,31.72,5.76451938319643,0.639066018007704,115.82881807958,54.5433,53.3626,0.414,0.405,1.0578,0.2081,0.0359,1.3017,0.2225,28.6086956521739,44.3502415458937,54.5806,80.5307,0.6478,87.7953,0.229,0.016,0.0045,0.009,0.4588,0.0015,0.0175,0.031,0.4763,15.3624,0.0445933662466359,0.0387221684414327
"e_n_105_51","elv_no.inoc","elv","no.inoc",105,51,"6/17/22","6t","6/23/22","7/2/22","8/6/22",18.571,187.902,0.095,1.045,0.071,0.673,1.529,0,3.318,0.553,0.0188,NA,0.0137,0.0085,0.0076,0.0189,0.4064,NA,0.4048,0.4125,0.3927,0.4286,1.0382,0.0714,1.03823333333333e-06,7.14233333333332e-08,1.03823333333333e-05,7.14233333333332e-07,0.0334805976566699,0.002303236,0.037470871,0.002538084,0.040008955,14.5363326643954,3.101,13.42,24.995,7.68,15.393,0.114,0.125,0.708,38.679,83.057,2.147,1.803,NA,-23.81,33.89,0,0.615051837545971,93.8791518977975,51.155,52.9061,0.9638,0.9968,0.3132,0.0685,0.0146,0.3964,0.0874,7.96845818634571,15.9711558414609,67.3684,123.144,1.567,62.8874,0.2694,0.0175,0.0051,0.013,0.6308,0,0,0.0356,0.6308,17.7375,0.0466144419452416,0
"e_n_105_52","elv_no.inoc","elv","no.inoc",105,52,"6/17/22","6t","6/22/22","7/2/22","8/6/22",15.699,227.629,0.099,1.134,0.066,0.739,1.416,0.012,3.367,0.561,0.0144,0.0439,0.0153,0.0089,0.0076,0.0132,0.4048,0.4507,0.4174,0.4114,0.4173,0.418,0.9082,0.1282,9.08206666666667e-07,1.2817e-07,9.08206666666667e-06,1.2817e-06,0.029401316,0.004149239,0.032905414,0.004572316,0.03747773,7.08595355127306,3.089,10.791,24.999,5.32,8.986,0.103,0.106,0.771,26.13,51.681,1.978,1.741,3.595,-23.1,36.35,0,0.582304528612925,70.9713867854664,63.0613,61.1621,0.9106,0.8832,0.224,0.0451,0.0154,0.2845,0.1238,5.84230177904678,9.86821875686361,51.6505,84.7736,1.5638,44.8734,0.1914,0.0198,0.0056,0.0126,0.5826,5e-04,0.0054,0.0385,0.588,15.254,0.0666283964791428,0.00847457627118644
"e_n_140_53","elv_no.inoc","elv","no.inoc",140,53,"6/17/22","3t","6/23/22","7/2/22","8/6/22",13.61,288.137,0.055,1.649,0.049,1.418,1.907,0,5.023,0.837,0.024,NA,0.0146,0.0092,0.0116,0.0203,0.4039,NA,0.4203,0.4207,0.4077,0.4172,0.5927,0.0479,5.9267e-07,4.789e-08,5.9267e-06,4.789e-07,0.0191307295029051,0.001545836,0.021410761494449,0.001703457,0.0231142183836473,12.3756525370641,3.098,12.079,24.997,7.904,14.791,0.109,0.123,0.688,41.917,81.985,1.956,2.126,5.857,-23.84,33.2,2.55898495972626,0.616436575592408,95.0110591892924,40.4115,40.5663,0.9695,0.9732,0.3375,0.0673,0.0086,0.4134,0.0626,8.15265600825168,15.2563176895307,72.5138,120.252,1.5727,67.9989,0.2956,0.0265,0.0165,0.0175,0.8022,0,0,0.0605,0.8022,13.2639,0.0507192785743254,0
"e_n_140_54","elv_no.inoc","elv","no.inoc",140,54,"6/17/22","2t","6/23/22","7/2/22","8/6/22",14.917,191.028,0.092,0.975,0.123,0.925,1.631,0.014,3.668,0.611,0.0158,0.0492,0.0184,0.0087,0.0076,0.0152,0.4072,0.4446,0.4338,0.4162,0.4074,0.4101,1.0408,0.1725,1.04075e-06,1.72506666666667e-07,1.04075e-05,1.72506666666667e-06,0.033475394,0.005548622,0.037465047,0.006114386,0.043579433,6.03310017004174,3.109,16.652,25.001,14.378,22.673,0.199,0.202,0.679,69.468,132.232,1.903,1.971,8.37,-25.42,35.87,0,0.689486591839082,183.764644361616,61.6746,73.865,0.9738,1.1663,0.5568,0.108,0.0136,0.6783,0.1122,14.7648387759293,23.2830149928117,72.2513,112.2426,1.4124,100.7532,0.2864,0.0213,0.0071,0.0142,0.6788,7e-04,0.0062,0.0432,0.685,15.8426,0.0283727759543963,0.00858369098712446
"e_n_140_55","elv_no.inoc","elv","no.inoc",140,55,"6/17/22","2b","6/22/22","7/2/22","8/6/22",18.399,326.223,0.078,1.809,0.062,1.196,1.843,0,4.91,0.818,0.0247,NA,0.0188,0.0107,0.011,0.0197,0.4131,NA,0.4277,0.427,0.3996,0.412,0.7327,0.1162,7.32656666666667e-07,1.16226666666667e-07,7.32656666666667e-06,1.16226666666667e-06,0.0236264645813179,0.003748038,0.0264423057171356,0.004130206,0.0305725119688306,6.3036881954801,3.101,15.353,24.999,10.784,18.884,0.158,0.17,0.7,59.54,113.022,1.898,3.673,7.444,-24.22,33.74,1.0193171288046,0.633983960752634,110.744084576551,42.3936,40.383,1.0475,0.9979,0.4436,0.0858,0.0111,0.5406,0.0619,10.2949880668258,18.0276849642005,68.2532,111.0824,1.6523,93.914,0.2945,0.0374,0.0132,0.0198,0.787,0,0,0.0704,0.787,11.1844,0.0616896204232449,0
"e_n_140_56","elv_no.inoc","elv","no.inoc",140,56,"6/17/22","6b","6/23/22","7/2/22","8/6/22",13.93,254.612,0.086,1.422,0.066,0.853,2.19,0,4.531,0.755,0.0131,NA,0.0142,0.0112,0.0072,NA,0.4107,NA,0.4354,0.4192,0.4071,NA,0.9386,0,9.38556666666667e-07,0,9.38556666666667e-06,0,0.0294680272108844,0,0.032980075,0,0.032980075,Inf,3.185,10.717,24.994,7.622,13.816,0.117,0.108,0.716,38.719,77.833,2.01,2.244,5.361,-23.87,33.58,1.47551500463325,0.617821398754847,96.158096688396,61.7373,61.5844,0.8094,0.8074,0.3734,0.0765,0.0149,0.4647,0.1352,9.41685198912775,17.0694341487522,65.1453,127.9259,1.31,62.6702,0.2442,0.0223,0.0062,0.0244,0.9181,0,0,0.0529,0.9181,17.3643,0.0579560422531574,0
"e_n_210_57","elv_no.inoc","elv","no.inoc",210,57,"6/17/22","4b","6/23/22","7/2/22","8/6/22",18.451,493.19,0.091,2.977,0.078,1.55,2.492,0.013,7.11,1.185,0.0172,0.0441,0.0152,0.0118,0.0082,NA,0.416,0.4511,0.4192,0.4214,0.4076,NA,1.0995,0.1128,1.09950666666667e-06,1.12803333333333e-07,1.09950666666667e-05,1.12803333333333e-06,0.035297164258962,0.003621295,0.039503939,0.003990539,0.043494478,9.74711149197719,3.115,15.564,25.006,14.018,18.87,0.306,0.304,0.783,65.442,122.641,1.874,3.361,7.76,-26.19,34.36,0,0.72517282697768,260.909869866475,49.3198,50.1157,0.8498,0.8635,0.6011,0.1148,0.0183,0.7342,0.0942,16.495646034361,22.2052247587668,45.8105,62.0724,1.1718,90.2433,0.1979,0.0483,0.0127,0.0295,1.05,6e-04,0.0059,0.091,1.0559,11.6085,0.0513584548149507,0.00521669341894061
"e_n_210_58","elv_no.inoc","elv","no.inoc",210,58,"6/17/22","1t","6/23/22","7/2/22","8/6/22",19.551,619.414,0.105,3.878,0.087,2.246,3.923,0.017,10.151,1.692,0.0196,0.0601,0.0178,0.0114,0.0079,NA,0.4183,0.4493,0.4209,0.4501,0.429,NA,1.0204,0.1814,1.02043333333333e-06,1.81373333333333e-07,1.02043333333333e-05,1.81373333333333e-06,0.032425591,0.005763373,0.036290126,0.006351034,0.04264116,5.62614864368154,3.147,17.016,24.982,13.361,21.266,0.26,0.275,0.762,59.04,116.455,1.972,2.027,7.589,-24.56,33.54,1.97851091020968,0.649695841570042,127.338511978375,53.7057,51.1283,1.0499,0.9996,0.4389,0.0882,0.0155,0.5426,0.0859,12.7259739022764,20.2552624059434,51.3885,77.3309,1.6161,90.8733,0.2034,0.0727,0.0177,0.0448,1.7657,0.001,0.0076,0.1363,1.7733,13.0095,0.0343326558265583,0.00433341830231965
"e_n_210_59","elv_no.inoc","elv","no.inoc",210,59,"6/17/22","5b","6/23/22","7/2/22","8/6/22",24.671,333.367,0.146,1.792,0.13,1.01,2.103,0.06,5.095,0.849,0.0181,0.0466,0.017,0.0119,0.0094,NA,0.4132,0.448,0.4379,0.4171,0.4075,NA,1.6561,0.1969,1.65611e-06,1.9687e-07,1.65611e-05,1.9687e-06,0.053199807,0.006324125,0.059540248,0.006968963,0.066509211,8.4122009447859,3.113,20.013,25.005,14.32,23.448,0.235,0.223,0.723,67.931,129.865,1.912,2.818,8.76,-25.22,35.4,0,0.680226663554147,168.399589343301,59.1788,64.9578,1.0705,1.1751,0.4953,0.0965,0.0206,0.6123,0.0964,13.3769266697805,21.9037832788417,60.9362,105.148,1.5738,99.8652,0.2388,0.0354,0.0095,0.025,0.8772,0.0028,0.0269,0.0727,0.9041,12.4405,0.0414832697884618,0.0285306704707561
"e_n_210_60","elv_no.inoc","elv","no.inoc",210,60,"6/17/22","5b","6/23/22","7/2/22","8/6/22",15.592,437.372,0.08,2.907,0.075,1.617,2.951,0.039,7.589,1.265,0.0175,0.0498,0.0142,0.0094,0.007,NA,0.4148,0.4445,0.4164,0.432,0.4163,NA,0.7801,0,7.80123333333333e-07,0,7.80123333333333e-06,0,0.025214070243482,0,0.0282191248486105,0,0.0282191248486105,Inf,3.094,14.636,24.996,8.005,13.041,0.165,0.183,0.781,32.632,66.516,2.038,0.936,NA,-25.02,34.81,0,0.670970534292078,154.5199223249,51.3084,51.2435,0.8984,0.8973,0.2835,0.0589,0.0114,0.3538,0.0942,8.91028495102404,14.5158058771149,48.5152,71.2623,1.339,48.634,0.1533,0.0438,0.0113,0.0276,1.2749,0.0019,0.0173,0.0847,1.2923,15.2656,0.0286835008580534,0.013215859030837
"e_n_280_61","elv_no.inoc","elv","no.inoc",280,61,"6/17/22","6b","6/23/22","7/2/22","8/6/22",22.523,725.262,0.185,5.556,0.154,3.347,6.366,0,15.423,2.571,0.013,NA,0.0153,0.0117,0.0082,NA,0.4177,NA,0.4446,0.4431,0.4244,NA,1.5744,0.0486,1.57437666666667e-06,4.86133333333333e-08,1.57437666666667e-05,4.86133333333333e-07,0.050769967,0.001567666,0.0568208152985595,0.001727513,0.0585483284330874,32.3856966538673,3.101,19.498,25.007,8.031,16.283,0.104,0.104,0.671,46.356,94.718,2.043,2.822,6.426,-23.26,29.1,0,0.58968004838764,75.54522325,82.1383,78.9825,1.0686,1.0276,0.3386,0.0705,0.0207,0.4298,0.1523,7.51544076361595,15.2376941793,77.2212,156.5673,1.8122,78.6121,0.3273,0.0896,0.0276,0.0747,2.8208,0,0,0.1919,2.8208,14.6998,0.0608766934161705,0
"e_n_280_62","elv_no.inoc","elv","no.inoc",280,62,"6/17/22","1b","6/23/22","7/2/22","8/6/22",19.026,662.91,0.128,4.617,0.096,2.474,4.033,0.037,11.257,1.876,0.0185,0.0417,0.0161,0.0124,0.0079,NA,0.4103,0.4522,0.4248,0.4555,0.4204,NA,0.9089,0.1006,9.0889e-07,1.00623333333333e-07,9.0889e-06,1.00623333333333e-06,0.0306953731847349,0.003398289,0.0343536985425288,0.003744795,0.038098493,9.03259681319774,2.961,15.973,24.994,11.238,19.293,0.163,0.176,0.697,62.489,114.559,1.833,3.956,8.08,-24.09,27.1,3.43938091143594,0.627979370125638,105.055764872118,67.2764,60.1014,1.246,1.1131,0.3914,0.0731,0.0124,0.477,0.099,9.01926163723916,15.483948635634,68.9448,109.6193,1.9841,99.508,0.295,0.0786,0.0195,0.0499,1.8371,0.0015,0.0167,0.1495,1.8538,12.3984,0.063307142057002,0.0091743119266055
"e_n_280_63","elv_no.inoc","elv","no.inoc",280,63,"6/17/22","1b","6/23/22","7/2/22","8/6/22",25.633,538.246,0.18,3.118,0.141,1.619,2.708,0.071,7.657,1.276,0.022,0.0362,0.0188,0.0121,0.0091,NA,0.4163,0.4363,0.429,0.4402,0.3901,NA,1.7196,0.2714,1.71957666666667e-06,2.71353333333333e-07,1.71957666666667e-05,2.71353333333333e-06,0.056342617,0.008891,0.063057623,0.00979757,0.072855193,6.33703903889149,3.052,20.301,25.002,14.485,26.13,0.169,0.146,0.626,82.12,154.642,1.883,3.611,NA,-24.72,27.11,3.40498710232159,0.657093458454247,136.115444363813,70.222,69.4547,1.5484,1.5315,0.4139,0.0794,0.0173,0.5107,0.0845,9.35481787651769,16.8754843709636,85.7101,178.9726,2.3564,124.9746,0.3573,0.0658,0.0147,0.0327,1.1921,0.0026,0.031,0.1158,1.2231,10.5635,0.0439722357525572,0.026218611521418
"e_n_280_64","elv_no.inoc","elv","no.inoc",280,64,"6/17/22","4t","6/23/22","7/2/22","8/6/22",26.301,543.052,0.142,3.72,0.141,1.624,3.036,0.055,8.576,1.429,0.0231,0.0451,0.0151,0.0121,0.0079,NA,0.452,0.4435,0.4323,0.421,0.423,NA,1.2578,0.2549,1.25776e-06,2.54913333333333e-07,1.25776e-05,2.54913333333333e-06,0.0404814934019955,0.008204484,0.045306145,0.009041053,0.054347198,4.93406909537882,3.107,23.364,24.999,15.462,25.612,0.245,0.249,0.713,74.569,144.326,1.935,2.85,9.4,-25.58,28.07,0.103181427343082,0.696897271335471,197.259740265394,53.9903,60.3493,1.245,1.3917,0.4675,0.0922,0.0142,0.5739,0.0729,12.4192771084337,20.5718875502008,63.1102,102.8594,1.7865,107.0014,0.2599,0.0626,0.0128,0.0368,1.2781,0.0025,0.0244,0.1147,1.3025,11.3547,0.0382196355053709,0.0181159420289855
"e_n_350_65","elv_no.inoc","elv","no.inoc",350,65,"6/17/22","4b","6/22/22","7/2/22","8/6/22",23.937,703.53,0.158,4.593,0.119,2.42,4.294,0.011,11.437,1.906,0.021,0.0457,0.0174,0.0108,0.0091,NA,0.4201,0.4451,0.432,0.4283,0.4197,NA,2.2095,0.2074,2.20951333333333e-06,2.074e-07,2.20951333333333e-05,2.074e-06,0.072921232,0.006844884,0.081612105,0.007542822,0.089154927,10.6533911925426,3.03,18.873,24.997,16.862,25.286,0.224,0.233,0.663,100.459,176.515,1.757,5.97,10.32,-24.07,24.58,0,0.62705572893731,104.210056779047,66.0066,63.053,1.3868,1.3247,0.5654,0.1012,0.0245,0.6911,0.0866,12.1589270262475,18.2333429477935,75.2768,108.5236,2.2116,160.2075,0.3519,0.0856,0.022,0.0465,1.8391,5e-04,0.0049,0.1546,1.844,11.9291,0.0594272290188037,0.00256171401956218
"e_n_350_66","elv_no.inoc","elv","no.inoc",350,66,"6/17/22","5t","6/23/22","7/2/22","8/6/22",27.579,820.404,0.193,5.627,0.193,2.714,5.183,0.027,13.744,2.291,0.0201,0.0491,0.0162,0.0108,0.0093,NA,0.4149,0.4482,0.4105,0.4258,0.4116,NA,1.9269,0.2967,1.92695e-06,2.96656666666666e-07,1.92695e-05,2.96656666666666e-06,0.062787553,0.009666232,0.070270677,0.0106518476804956,0.080922525,6.49555602997855,3.069,25.276,25.005,15.231,25.281,0.247,0.24,0.719,72.208,142.003,1.967,2.806,9.328,-24.94,24.02,0.793808295,0.667269145790005,149.344558118329,69.9808,76.357,1.408,1.5363,0.4003,0.0802,0.0192,0.4996,0.0925,10.8174715909091,17.9552556818182,61.664,105.3375,2.1101,108.2142,0.2454,0.0987,0.0252,0.0562,2.207,0.0013,0.0121,0.1814,2.2191,12.23,0.0388599601152227,0.00520933822110747
"e_n_350_67","elv_no.inoc","elv","no.inoc",350,67,"6/17/22","4t","6/22/22","7/2/22","8/6/22",25.391,897.075,0.165,6.419,0.156,3.267,3.938,0,13.78,2.297,0.0219,NA,0.0171,0.0124,0.0088,NA,0.4239,NA,0.4248,0.4461,0.4168,NA,1.9437,0.4733,1.94367e-06,4.73286666666667e-07,1.94367e-05,4.73286666666667e-06,0.063332356,0.0154215270989465,0.070880411,0.0169939800753154,0.087874391,4.10674996126379,3.069,22.295,25.001,16.486,27.932,0.222,0.229,0.667,77.303,151.165,1.955,1.352,9.668,-24.09,24.7,0,0.627979370125638,105.055764872118,64.9837,69.9708,1.4238,1.5331,0.4238,0.0844,0.0208,0.529,0.0825,11.5788734372805,19.6179238657115,74.2613,121.9738,2.2673,123.098,0.2913,0.1167,0.0287,0.0488,1.7568,0,0,0.1943,1.7568,9.0409,0.0174896187728807,0
"e_n_350_68","elv_no.inoc","elv","no.inoc",350,68,"6/17/22","6t","6/23/22","7/2/22","8/6/22",28.395,878.941,0.241,6.24,0.2,2.87,7.848,0,17.158,2.86,0.0193,NA,0.0197,0.012,0.0101,NA,0.4248,NA,0.4418,0.4098,0.4037,NA,2.9228,0.6999,2.92278666666667e-06,6.9994e-07,2.92278666666667e-05,6.9994e-06,0.094588565,0.02265178,0.105861786957385,0.024961464219506,0.130823251176891,4.17576744673353,3.09,24.576,25.009,17.214,29.181,0.23,0.237,0.664,87.334,168.79,1.933,2.863,10.61,-23.22,23.58,2.5401865449494,0.587835941918445,74.37276689,84.8741,81.3802,1.6364,1.569,0.4166,0.082,0.0303,0.5289,0.1041,10.5194329014911,17.8324370569543,74.8435,123.1266,2.7837,148.5687,0.3099,0.1316,0.0289,0.0943,3.2157,0,0,0.2547,3.2157,12.625,0.0327821925023473,0
"e_n_630_69","elv_no.inoc","elv","no.inoc",630,69,"6/17/22","6b","6/23/22","7/2/22","8/6/22",31.452,1103.637,0.303,9.359,0.314,3.898,6.668,0,20.239,3.373,0.0259,NA,0.026,0.0183,0.0185,NA,0.4358,NA,0.4278,0.4333,0.4258,NA,4.755,0.929,4.75495e-06,9.2897e-07,4.75495e-05,9.2897e-06,0.150902887972072,0.0294817518248175,0.168887743810447,0.0324878528489289,0.201375596659376,5.11851835904281,3.151,33.734,24.997,14.46,28.022,0.155,0.164,0.595,85.622,163.02,1.904,3.374,10.668,-21.75,15.29,0,0.520169638506745,42.241593200275,96.3373,93.0812,2.4951,2.4108,0.2678,0.052,0.0304,0.3502,0.0814,5.79535890345076,11.2308123922889,93.2903,170.8659,4.7968,164.604,0.3947,0.2596,0.0723,0.1221,2.889,0,0,0.454,2.889,6.364,0.0394057602018173,0
"e_n_630_70","elv_no.inoc","elv","no.inoc",630,70,"6/17/22","5t","6/22/22","7/2/22","8/6/22",24.385,814.075,0.141,5.81,0.159,2.803,3.804,0,12.576,2.096,0.0435,NA,0.0344,0.0224,0.0269,NA,0.4359,NA,0.4684,0.4246,0.4116,NA,4.2147,0.9536,4.21474333333333e-06,9.53553333333333e-07,4.21474333333333e-05,9.53553333333333e-06,0.137512017400761,0.0311110386079391,0.153900927130935,0.03428327,0.188184196669254,4.42003943145987,3.065,23.635,24.995,15.835,27.389,0.186,0.204,0.626,87.379,160.402,1.836,3.161,10.135,-22.21,14.34,2.40560777441453,0.541322255997946,50.355485250929,57.8224,67.2731,2.5164,2.9277,0.271,0.0507,0.0234,0.3451,0.0397,6.29271975838499,10.8841996502941,85.1344,134.2598,4.6487,161.4177,0.3579,0.2132,0.0754,0.0853,1.6151,0,0,0.3739,1.6151,4.3194,0.0361757401664015,0
"e_n_630_71","elv_no.inoc","elv","no.inoc",630,71,"6/17/22","5b","6/22/22","7/2/22","8/6/22",22.986,781.686,0.147,6.073,0.163,3.015,7.949,0,17.2,2.867,0.0307,NA,0.0247,0.0144,0.0244,NA,0.439,NA,0.4281,0.431,0.4082,NA,3.5117,0.9811,3.51168e-06,9.8109e-07,3.51168e-05,9.8109e-06,0.115288246881156,0.0322091267235719,0.129028490874367,0.0354933239926079,0.164521814866975,3.57936580741828,3.046,22.924,25.006,16.838,24.675,0.23,0.242,0.671,84.418,152.298,1.804,2.984,9.022,-22.41,14.99,0,0.550525255237322,54.3663240772367,63.952,71.1045,1.9633,2.1829,0.3356,0.0617,0.0274,0.4247,0.0585,8.57637650893903,12.5681250955025,73.2087,101.9628,3.5663,153.3408,0.2953,0.1593,0.0734,0.1147,3.4258,0,0,0.3475,3.4258,9.8587,0.0353479115828378,0
"e_n_630_72","elv_no.inoc","elv","no.inoc",630,72,"6/17/22","2t","6/23/22","7/2/22","8/6/22",30.206,856.88,0.216,6.091,0.185,3.17,4.397,0,13.843,2.307,0.0296,NA,0.0306,0.0155,0.0205,NA,0.4365,NA,0.4417,0.4568,0.4126,NA,3.7269,0.7714,3.72689333333333e-06,7.7136e-07,3.72689333333333e-05,7.7136e-06,0.118766517951986,0.0245812619502868,0.132921308045782,0.0270876854885416,0.160008993534323,4.83158749913573,3.138,26.446,24.988,17.679,25.054,0.232,0.241,0.658,90.645,156.771,1.73,2.867,9.267,-22.28,14.25,2.97913015771865,0.544542877453217,51.7232845487862,71.509,69.9539,2.1181,2.072,0.334,0.0589,0.0281,0.421,0.0634,8.34663141494736,11.8285255653652,76.2026,103.9585,3.8897,166.4607,0.3199,0.1984,0.065,0.0683,2.0086,0,0,0.3318,2.0086,6.054,0.0316288819019251,0
"a_y_0_73","amb_inoc","amb","inoc",0,73,"8/13/22","3t","8/18/22","8/23/22","10/2/22",13.083,145.987,0.062,0.663,0.061,0.334,0.717,0.184,1.959,0.327,0.0417,0.0516,0.034,0.0142,0.0137,0.0456,0.4243,0.4602,0.4394,0.4347,0.4117,0.4547,2.119,0.533,2.11904e-06,5.32993333333333e-07,2.11904e-05,5.32993333333333e-06,0.069866139,0.0175731399054841,0.078192901,0.0193649816583293,0.097557883,3.97573453076336,3.033,13.811,25.01,19.82,19.82,0.246,0.246,0.637,97.91,167.638,1.712,1.797,9.704,-25.57,-1.56,100,0.566413235598461,53.9687522946193,47.3897,44.1677,1.978,1.8436,0.3863,0.0674,0.0192,0.473,0.0383,10.0202224469161,10.0202224469161,80.5691,80.5691,3.4922,172.8597,0.3253,0.0277,0.0046,0.0102,0.3117,0.0095,0.0847,0.052,0.3963,7.6277,0.0183535900316617,0.256624825662483
"a_y_0_74","amb_inoc","amb","inoc",0,74,"8/13/22","1b","8/18/22","8/23/22","10/2/22",16.013,170.685,0.092,0.766,0.049,0.36,0.745,0.243,2.163,0.361,0.0331,0.0561,0.0328,0.0165,0.0161,0.0325,0.4242,0.448,0.4376,0.4327,0.4033,0.4599,3.2413,0.9015,3.24134333333333e-06,9.0152e-07,3.24134333333333e-05,9.0152e-06,0.107721612938961,0.0299607843137255,0.120560052980897,0.03301573,0.153575782772213,3.59542032715118,3.009,8.663,25.029,23.892,23.892,0.358,0.358,0.683,119.692,214.875,1.795,3.571,12.217,-26.44,-1.98,100,0.606634418953553,76.8711104570111,57.4533,56.5624,1.9034,1.8739,0.4908,0.0898,0.0298,0.6104,0.052,12.5522748765367,12.5522748765367,66.7374,66.7374,3.1377,197.305,0.3083,0.0298,0.0058,0.0123,0.3224,0.0136,0.1089,0.0615,0.4312,7.015,0.02983490960131,0.326174496644295
"a_y_0_75","amb_inoc","amb","inoc",0,75,"8/13/22","2t","8/18/22","8/23/22","10/2/22",14.508,134.424,0.063,0.614,0.043,0.328,0.754,0.18,1.919,0.32,0.0393,0.0559,0.032,0.015,0.0148,0.0388,0.4326,0.4631,0.4363,0.4389,0.4045,0.4566,3.1274,0.8354,3.12742666666667e-06,8.3543e-07,3.12742666666667e-05,8.3543e-06,0.104317100289082,0.0278662441627752,0.116749784881066,0.03070762,0.147457405147053,3.74349337067937,2.998,9.518,25.012,17.877,17.877,0.207,0.207,0.617,108.211,186.172,1.72,4.913,11.222,-25.92,-1.47,97.0008568980291,0.582585533,62.1714880660809,43.4243,45.1776,1.7083,1.7773,0.4944,0.0867,0.0302,0.6112,0.0393,10.4647895568694,10.4647895568694,86.3623,86.3623,2.9323,185.7427,0.3949,0.0238,0.0049,0.0113,0.3309,0.0101,0.0834,0.05,0.4143,8.2815,0.0454020386097532,0.238726790450928
"a_y_0_76","amb_inoc","amb","inoc",0,76,"8/13/22","2b","8/18/22","8/23/22","10/2/22",9.581,94.421,0.045,0.556,0.031,0.284,0.715,0.126,1.712,0.285,0.0308,0.0504,0.0298,0.0125,0.0094,0.0288,0.4218,0.4582,0.4204,0.4154,0.3996,0.4423,1.6038,0.4036,1.60375333333333e-06,4.03646666666667e-07,1.60375333333333e-05,4.03646666666667e-06,0.091905635,0.0231316141356256,0.102859100791308,0.0254902246196851,0.128349325410994,3.97316134573141,1.745,6.205,25.009,16.023,16.023,0.214,0.214,0.666,79.382,137.508,1.732,2.278,8.275,-25.19,-1.22,88.4318766066838,0.548867889713163,46.3181079182438,46.968,49.9597,1.4466,1.5388,0.4283,0.0756,0.0303,0.5342,0.0517,11.0763168809623,11.0763168809623,74.8738,74.8738,2.6356,144.6286,0.3033,0.0189,0.0027,0.009,0.297,0.0064,0.0577,0.0369,0.3547,9.6152,0.0286966818674259,0.176223776223776
"a_y_35_77","amb_inoc","amb","inoc",35,77,"8/13/22","5b","8/19/22","8/23/22","10/2/22",19.288,312.484,0.094,1.587,0.143,0.856,1.645,0.392,4.623,0.771,0.0425,0.0536,0.0387,0.0121,0.014,0.0348,0.4441,0.4587,0.4267,0.4266,0.412,0.4425,4.0058,1.0311,4.00582333333333e-06,1.03110666666667e-06,4.00582333333333e-05,1.03110666666667e-05,0.134423601789709,0.0346008948545861,0.150444429037962,0.038128968,0.188573397328468,3.88497471971862,2.98,22.546,25.02,22.773,22.773,0.371,0.371,0.708,108.265,188.657,1.743,3.118,10.644,-26.4,-0.5,92.88238264,0.604783592647264,75.6180827950513,48.735,63.4259,2.0722,2.6969,0.4078,0.0724,0.0254,0.5056,0.038,10.989769327285,10.989769327285,61.3827,61.3827,3.4264,179.0144,0.2737,0.0714,0.012,0.02,0.7017,0.021,0.1798,0.1244,0.8815,7.0879,0.0287997044289475,0.238297872340426
"a_y_35_78","amb_inoc","amb","inoc",35,78,"8/13/22","6t","8/18/22","8/23/22","10/2/22",20.802,225.6,0.094,0.935,0.067,0.416,0.734,0.278,2.43,0.405,0.0412,0.0595,0.0398,0.015,0.0178,0.0575,0.4282,0.4643,0.4469,0.4168,0.3875,0.4574,3.2358,0.8426,3.23577e-06,8.42643333333333e-07,3.23577e-05,8.42643333333333e-06,0.106404801052285,0.0277094157623589,0.119086301275067,0.030534801,0.149621102163646,3.84002326013774,3.041,17.877,25.04,26.062,26.062,0.805,0.805,0.822,106.971,196.039,1.833,2.385,11.083,-27.34,2.11,75.3154972236244,0.648318256127441,112.013050868155,45.188,37.4783,1.8617,1.5441,0.4484,0.0837,0.0352,0.5674,0.0381,13.9990331417522,13.9990331417522,32.3752,32.3752,2.8717,164.9977,0.1772,0.0438,0.0074,0.011,0.3059,0.0165,0.1291,0.0788,0.435,5.5238,0.0222957624028942,0.37874659400545
"a_y_35_79","amb_inoc","amb","inoc",35,79,"8/13/22","5t","8/19/22","8/23/22","10/2/22",13.65,144.468,0.055,0.719,0.053,0.364,0.715,0.183,2.034,0.339,0.0461,0.0561,0.0339,0.012,0.0125,0.0293,0.4338,0.4684,0.4371,0.4298,0.4121,0.4353,1.4707,0.3391,1.47070666666667e-06,3.39093333333333e-07,1.47070666666667e-05,3.39093333333333e-06,0.090784362,0.0209316872427984,0.101604192611071,0.023065983,0.12467017522515,4.33717363950928,1.62,6.998,25.048,22.152,22.152,0.443,0.443,0.754,106.896,195.945,1.833,2.385,11.083,-26.07,0.16,88.44018173,0.589520076,66.0776088004222,40.293,75.7359,1.8587,3.4937,0.4489,0.0838,0.013,0.5457,0.0325,11.9180072093399,11.9180072093399,50.0045,50.0045,3.1529,181.3272,0.3001,0.0293,0.0045,0.0086,0.3073,0.0103,0.0857,0.0527,0.393,7.4513,0.0223114054782218,0.255944055944056
"a_y_35_80","amb_inoc","amb","inoc",35,80,"8/13/22","1b","8/18/22","8/23/22","10/2/22",21.466,350.828,0.106,1.476,0.073,0.77,1.123,0.43,3.872,0.645,0.0362,0.0525,0.0362,0.0186,0.0167,0.0365,0.4332,0.4577,0.4429,0.44,0.4037,0.4445,2.892,0.727,2.89197e-06,7.27013333333333e-07,2.89197e-05,7.27013333333333e-06,0.094262386,0.023696653628857,0.105496733018282,0.026112878253669,0.131609611271951,3.97787752631772,3.068,16.264,25.012,21.168,21.168,0.302,0.302,0.672,110.291,202.002,1.832,3.656,11.856,-26.89,0.92,83.3249200740367,0.627466699510506,92.6290770825036,49.3804,44.8844,1.7856,1.623,0.4821,0.09,0.0295,0.6015,0.0449,11.8548387096774,11.8548387096774,70.0927,70.0927,2.8457,175.7719,0.3272,0.0599,0.0128,0.0209,0.4941,0.0226,0.1968,0.1162,0.6909,5.9448,0.0331486703357482,0.382902938557435
"a_y_70_81","amb_inoc","amb","inoc",70,81,"8/13/22","6t","8/18/22","8/23/22","10/2/22",25.25,370.598,0.106,1.68,0.133,0.781,1.382,0.421,4.397,0.733,0.0423,0.0604,0.045,0.0158,0.016,0.0367,0.4364,0.4569,0.4335,0.421,0.4032,0.4263,4.2206,1.0804,4.22064e-06,1.08041e-06,4.22064e-05,1.08041e-05,0.142975609756098,0.036599255,0.160015679462007,0.040331091,0.200346770013262,3.90651697040938,2.952,22.666,25.036,21.475,21.475,0.389,0.389,0.729,93.421,160.367,1.717,1.553,9.381,-26.8,2.22,86.3959665076078,0.623298702169974,89.215523379103,41.9802,58.6782,1.7745,2.4803,0.4109,0.0719,0.0294,0.5121,0.0361,12.102000563539,12.102000563539,55.2057,55.2057,2.847,149.8816,0.2383,0.0857,0.0125,0.0219,0.5818,0.0254,0.1924,0.1454,0.7742,5.3233,0.0166236713372796,0.304630969609262
"a_y_70_82","amb_inoc","amb","inoc",70,82,"8/13/22","4b","8/18/22","8/23/22","10/2/22",22.544,274.671,0.102,1.185,0.06,0.636,1.166,0.327,3.374,0.562,0.0388,0.0564,0.0342,0.0133,0.0142,0.0344,0.4286,0.4551,0.4431,0.417,0.4026,0.4405,2.8097,0.722,2.80969666666667e-06,7.22046666666666e-07,2.80969666666667e-05,7.22046666666666e-06,0.093969788,0.0241487179487179,0.105169262999666,0.0266110372229583,0.131780300222624,3.89129511481253,2.99,11.887,25.024,20.239,20.239,0.358,0.358,0.729,92.431,164.571,1.78,2.553,9.67,-27.62,7.22,68.3893040424957,0.661302298288967,126.350828234412,45.2449,50.4753,1.756,1.9589,0.4108,0.0745,0.0245,0.5098,0.0405,11.5256264236902,11.5256264236902,56.5335,56.5335,2.6553,139.7712,0.247,0.0469,0.009,0.0155,0.4862,0.0184,0.1488,0.0898,0.6351,7.0702,0.0276206034771884,0.280445969125214
"a_y_70_83","amb_inoc","amb","inoc",70,83,"8/13/22","6b","8/19/22","8/23/22","10/2/22",22.498,285.97,0.102,1.305,0.075,0.629,1.073,0.338,3.42,0.57,0.0342,0.0576,0.0327,0.0141,0.0163,0.0486,0.4251,0.4513,0.4342,0.4347,0.4006,0.4566,3.7428,0.8598,3.74278666666667e-06,8.59793333333333e-07,3.74278666666667e-05,8.59793333333333e-06,0.123728484848485,0.0284229201101928,0.138474650365955,0.031321058,0.169795707932809,4.35312361885415,3.025,18.357,25.024,21.095,21.095,0.323,0.323,0.695,104.39,183.238,1.755,3.419,10.488,-26.85,2.47,85.49563338,0.625614161070364,91.0945594096314,45.3374,40.8563,1.5505,1.3973,0.5255,0.094,0.0442,0.6636,0.0459,13.6052886165753,13.6052886165753,65.3096,65.3096,2.4784,166.86,0.2926,0.0488,0.0102,0.0151,0.4665,0.0195,0.1525,0.0936,0.619,6.6151,0.0327521793275218,0.315004659832246
"a_y_70_84","amb_inoc","amb","inoc",70,84,"8/13/22","3t","8/18/22","8/23/22","10/2/22",20.433,329.68,0.088,1.375,0.082,0.682,1.226,0.408,3.773,0.629,0.0399,0.0576,0.0394,0.0157,0.0186,0.0396,0.4316,0.4553,0.4441,0.4143,0.4062,0.4523,3.0934,0.789,3.09341e-06,7.88966666666666e-07,3.09341e-05,7.88966666666666e-06,0.106559076817086,0.027177632,0.119258963880746,0.0299487942679832,0.14920775814873,3.92083738222992,2.903,18.824,25.026,20.658,20.658,0.353,0.353,0.72,94.231,173.673,1.843,2.276,10.382,-26.96,2.72,84.5953002610966,0.630709008275093,95.38338617,43.0676,43.5614,1.7193,1.739,0.4278,0.0803,0.0312,0.5393,0.0386,12.0153550863724,12.0153550863724,58.5212,58.5212,2.7259,149.4049,0.255,0.0609,0.0127,0.0192,0.508,0.0235,0.1858,0.1163,0.6937,5.9633,0.0241534102365464,0.33278955954323
"a_y_105_85","amb_inoc","amb","inoc",105,85,"8/13/22","1t","8/18/22","8/23/22","10/2/22",18.524,190.977,0.093,0.907,0.062,0.482,0.909,0.212,2.572,0.429,0.0365,0.061,0.0302,0.013,0.0146,0.0314,0.4277,0.4672,0.4388,0.4444,0.3994,0.4508,3.4602,0.949,3.46022333333333e-06,9.4905e-07,3.46022333333333e-05,9.4905e-06,0.112162831,0.0307633711507293,0.125530582648448,0.033900152,0.15943073488569,3.64598633721441,3.085,11.478,27.376,23.36,23.36,0.312,0.312,0.649,113.828,195.823,1.72,2.382,12.187,-26.8,4.69,80.4811372334609,0.623298702169974,89.215523379103,50.2051,54.0164,1.831,1.97,0.4852,0.0851,0.0294,0.5997,0.0448,12.7580557072638,12.7580557072638,74.8718,74.8718,2.9376,182.6219,0.3101,0.033,0.007,0.0118,0.404,0.0129,0.0991,0.0648,0.503,7.7627,0.0209263098710335,0.233223322332233
"a_y_105_86","amb_inoc","amb","inoc",105,86,"8/13/22","2b","8/18/22","8/23/22","10/2/22",24.835,404.162,0.121,1.706,0.113,0.835,1.389,0.399,4.442,0.74,0.0339,0.061,0.0355,0.0135,0.0168,0.0319,0.4255,0.4665,0.4439,0.4136,0.3955,0.4394,2.7492,0.7689,2.74925e-06,7.68863333333333e-07,2.74925e-05,7.68863333333333e-06,0.09097452,0.025442202,0.101817014006903,0.028036410716027,0.12985342472293,3.57573300846704,3.022,22.835,25.039,20.588,20.588,0.561,0.561,0.811,90.086,NA,NA,3.317,9.728,-27.12,5.24,78.7627899711005,0.638121752,102.025092279411,48.7216,49.4854,1.6517,1.6776,0.4257,NA,0.0281,NA,0.0477,12.4647333050796,12.4647333050796,36.6988,36.6988,2.5883,141.1737,0.1884,0.0685,0.014,0.0187,0.5745,0.0243,0.1861,0.1256,0.7606,6.0568,0.0368203716448727,0.287257019438445
"a_y_105_87","amb_inoc","amb","inoc",105,87,"8/13/22","2t","8/18/22","8/23/22","10/2/22",21.031,418.698,0.089,1.966,0.066,1.036,1.62,0.482,5.17,0.862,0.0437,0.0605,0.0345,0.0169,0.016,0.0442,0.4419,0.4652,0.4474,0.4474,0.3982,0.4549,3.6189,0.8321,3.61887333333333e-06,8.32126666666666e-07,3.61887333333333e-05,8.32126666666666e-06,0.121520259682113,0.0279424669800761,0.136003245271025,0.030791615,0.166794860398881,4.34894527275495,2.978,15.649,25.02,19.962,19.962,0.321,0.321,0.708,96.058,163.536,1.702,2.933,9.924,-26.09,4.39,81.4184175583848,0.590444843630093,66.6176978846123,42.3185,42.1752,1.8489,1.8426,0.4055,0.0703,0.0329,0.5088,0.035,10.7966899237384,10.7966899237384,62.1869,62.1869,3.1314,162.6875,0.2781,0.0747,0.0166,0.0273,0.7248,0.0292,0.2243,0.1478,0.949,6.4205,0.0305336359282933,0.297530864197531
"a_y_105_88","amb_inoc","amb","inoc",105,88,"8/13/22","4b","8/19/22","8/23/22","10/2/22",24.611,326.833,0.108,1.409,0.075,0.707,1.131,0.372,3.694,0.616,0.0384,0.0548,0.0354,0.0159,0.0142,0.0375,0.4294,0.4471,0.4402,0.43,0.3954,0.4369,2.8166,0.7258,2.81663666666667e-06,7.2583e-07,2.81663666666667e-05,7.2583e-06,0.094107473,0.024250919,0.105323357312776,0.0267236589755672,0.132047016288343,3.88057350435593,2.993,17.459,25.02,21.646,21.646,0.353,0.353,0.703,96.317,169.141,1.756,1.441,10.327,-26.99,8.86,67.4529407170195,0.632098711984747,96.5913461059901,43.8828,42.9578,1.6864,1.6509,0.4458,0.0798,0.0291,0.5546,0.0404,12.8356261859583,12.8356261859583,61.3201,61.3201,2.668,152.3765,0.2594,0.057,0.0101,0.018,0.4863,0.0204,0.1663,0.1054,0.6526,6.189,0.0149610141511883,0.328912466843501
"a_y_140_89","amb_inoc","amb","inoc",140,89,"8/13/22","4t","8/19/22","8/23/22","10/2/22",29.503,580.497,0.147,2.857,0.118,1.366,2.013,0.642,6.996,1.166,0.0402,0.0607,0.0357,0.0159,0.0181,0.0363,0.4385,0.4574,0.4474,0.4428,0.3952,0.4474,3.8083,1.0151,3.80826666666667e-06,1.01514333333333e-06,3.80826666666667e-05,1.01514333333333e-05,0.12689992224814,0.033826835499278,0.142024064921646,0.037275982,0.179300047046981,3.75145710129604,3.001,22.153,25.009,23.908,23.908,0.333,0.333,0.657,116.036,197.705,1.704,1.864,12.089,-27.64,4.21,82.01870616,0.662230016010272,127.451962238884,49.8254,53.2659,2.0045,2.1429,0.4518,0.0784,0.0304,0.5607,0.0405,11.9271638812671,11.9271638812671,71.7958,71.7958,3.0269,175.2201,0.3185,0.1127,0.0247,0.032,0.8913,0.039,0.2936,0.2084,1.185,5.6866,0.0160639801440932,0.31892697466468
"a_y_140_90","amb_inoc","amb","inoc",140,90,"8/13/22","5t","8/19/22","8/23/22","10/2/22",19.133,299.241,0.072,1.337,0.061,0.606,1.109,0.238,3.351,0.559,0.0538,0.0559,0.0386,0.0153,0.0179,0.0328,0.4388,0.4554,0.4466,0.4353,0.4089,0.4178,3.4015,0.8452,3.40150333333333e-06,8.45246666666666e-07,3.40150333333333e-05,8.45246666666666e-06,0.112446391,0.0279420385674931,0.125847938114373,0.030791143032269,0.156639081146641,4.02427299328796,3.025,10.883,25.043,19.657,19.657,0.353,0.353,0.726,92.577,164.836,1.781,3.107,10.658,-26.86,18.15,38.5580670303975,0.626077281402866,91.47555297,37.6313,56.0507,2.0238,3.0144,0.357,0.0648,0.0189,0.4407,0.0272,9.71291629607669,9.71291629607669,55.6856,55.6856,3.2325,147.8683,0.2546,0.0587,0.0108,0.017,0.4828,0.0133,0.1084,0.0999,0.5912,5.9199,0.0335612517147888,0.214607754733995
"a_y_140_91","amb_inoc","amb","inoc",140,91,"8/13/22","1b","8/18/22","8/23/22","10/2/22",23.835,370.935,0.116,1.57,0.092,0.884,1.429,0.346,4.321,0.72,0.042,0.0582,0.035,0.0142,0.0168,0.0398,0.4347,0.4591,0.4442,0.4056,0.399,0.4413,3.1906,0.8419,3.19057e-06,8.41933333333333e-07,3.19057e-05,8.41933333333333e-06,0.10561304203906,0.027869359,0.11820017911278,0.030711053,0.148911231744736,3.78957558001426,3.021,20.219,25.015,19.88,19.88,0.217,0.217,0.588,117.178,196.6,1.678,3.77,11.603,-26.95,8.08,69.9532346063913,0.630245792747788,94.9844455433636,48.6679,45.5018,2.0416,1.9088,0.448,0.0766,0.0284,0.5529,0.0385,9.73746081504702,9.73746081504702,91.6129,91.6129,3.2394,185.9243,0.4073,0.0637,0.0148,0.0202,0.5796,0.0201,0.1588,0.1188,0.7384,6.214,0.0321732748468143,0.242127361791463
"a_y_140_92","amb_inoc","amb","inoc",140,92,"8/13/22","6b","8/18/22","8/23/22","10/2/22",28.517,319.953,0.126,1.426,0.081,0.778,1.308,0.325,3.918,0.653,0.0472,0.0539,0.0672,0.016,0.0198,0.0423,0.4384,0.4526,0.4435,0.435,0.3558,0.4519,2.8388,0.6821,2.83882333333333e-06,6.82086666666666e-07,2.83882333333333e-05,6.82086666666666e-06,0.095454719,0.0229349921542255,0.10683116996222,0.025273554,0.132104724078858,4.16196866478356,2.974,19.102,25.021,18.082,18.082,0.2,0.2,0.601,100.316,162.756,1.622,2.913,9.174,-26.44,9.16,66.5861262665628,0.606634418953553,76.8711104570111,44.1842,42.4039,2.0842,2.0002,0.3757,0.0621,0.024,0.4618,0.033,8.67575088763075,8.67575088763075,90.41,90.41,3.4356,165.3648,0.3771,0.1056,0.0154,0.0209,0.569,0.0175,0.1471,0.1595,0.716,4.4892,0.029038239164241,0.248470948012232
"a_y_210_93","amb_inoc","amb","inoc",210,93,"8/13/22","2t","8/18/22","8/23/22","10/2/22",27.713,494.849,0.127,2.169,0.112,1.389,1.915,0.344,5.929,0.988,0.0417,0.0531,0.0333,0.0194,0.0155,0.0448,0.4393,0.4576,0.4395,0.4413,0.3971,0.4568,3.6806,0.8937,3.68065e-06,8.93723333333333e-07,3.68065e-05,8.93723333333333e-06,0.122852136181575,0.029830551846907,0.137493857015115,0.032872218,0.170366075211757,4.11833266820082,2.996,24.78,25.014,17.55,17.55,0.203,0.203,0.602,106.878,160.104,1.498,4.425,10.056,-26.23,14.07,53.3193936225823,0.596919277203486,70.5320608388472,45.8269,45.1977,1.9119,1.8856,0.4363,0.0666,0.0329,0.5358,0.0378,9.17935038443433,9.17935038443433,86.4532,86.4532,3.2029,179.0493,0.4072,0.0823,0.0216,0.0372,0.845,0.0183,0.1574,0.1594,1.0024,6.2902,0.0414023466007972,0.179634464751958
"a_y_210_94","amb_inoc","amb","inoc",210,94,"8/13/22","5b","8/19/22","8/23/22","10/2/22",21.633,246.985,0.089,1.151,0.063,0.515,1.089,0.044,2.862,0.477,0.0583,0.0483,0.0424,0.0208,0.0204,0.034,0.4375,0.4484,0.4398,0.4112,0.3893,0.4341,2.8833,0.7103,2.88334e-06,7.10343333333333e-07,2.88334e-05,7.10343333333333e-06,0.118558388157895,0.0292081962719298,0.132688372998506,0.032186404,0.16487477725642,4.059079412,2.432,10.9,25.027,20.283,20.283,0.327,0.327,0.708,94.832,155.165,1.636,2.643,NA,-26.31,30.47,4.33126726906131,0.600619789453036,72.87828464,41.1408,57.7982,2.3993,3.3708,0.3085,0.0514,0.0178,0.3777,0.0259,8.45371566706956,8.45371566706956,62.0275,62.0275,3.9948,157.8902,0.2638,0.0576,0.0105,0.0226,0.4477,0.0021,0.0197,0.0929,0.4675,5.0314,0.0278703391260334,0.0404040404040404
"a_y_210_95","amb_inoc","amb","inoc",210,95,"8/13/22","5t","8/19/22","8/23/22","10/2/22",23.739,558.135,0.096,2.672,0.155,1.39,2.172,0.291,6.68,1.113,0.0535,0.0483,0.0342,0.0179,0.0166,0.0371,0.4397,0.4327,0.4393,0.4444,0.3978,0.4338,4.3809,1.1399,4.38094333333333e-06,1.13988e-06,4.38094333333333e-05,1.13988e-05,0.14023506188647,0.0364878361075544,0.156948508563385,0.0402083111370673,0.197156819700453,3.84333731036015,3.124,28.032,25.031,21.764,21.764,0.398,0.398,0.735,101.164,173.144,1.712,3.148,10.056,-26.36,16.8,45.1646628332462,0.602932918415772,74.3869897028413,40.4398,55.2939,2.1651,2.9604,0.3647,0.0636,0.0242,0.4525,0.0281,10.0521915846843,10.0521915846843,54.6834,54.6834,3.591,167.7865,0.2511,0.1047,0.0231,0.0389,0.9652,0.0141,0.1259,0.1807,1.0911,6.0394,0.0311177889367759,0.133977900552486
"a_y_210_96","amb_inoc","amb","inoc",210,96,"8/13/22","4t","8/19/22","8/23/22","10/2/22",26.667,455.439,0.115,2.078,0.091,1.258,1.846,0.274,5.547,0.925,0.0454,0.0557,0.0341,0.0166,0.0155,0.0405,0.4358,0.4607,0.441,0.4179,0.4129,0.4543,3.2574,0.9422,3.25741666666667e-06,9.4219e-07,3.25741666666667e-05,9.4219e-06,0.109162756925827,0.0315747319034853,0.122172954892309,0.034794243229512,0.156967198121821,3.45728214762061,2.984,18.948,25.022,21.377,21.377,0.372,0.372,0.724,94.115,155.52,1.652,1.594,9.834,-27.05,22.33,28.6461055933089,0.634878376505314,99.0583219561291,43.1245,48.0262,1.9579,2.1804,0.3752,0.0632,0.0262,0.4645,0.0339,10.918330864702,10.918330864702,57.4651,57.4651,3.0838,148.241,0.2466,0.0802,0.0195,0.0306,0.7714,0.0153,0.1262,0.1456,0.8976,6.1629,0.0169367263454285,0.148429035752979
"a_y_280_97","amb_inoc","amb","inoc",280,97,"8/13/22","3t","8/18/22","8/23/22","10/2/22",26.679,624.18,0.11,3.043,0.112,1.662,3.019,0.249,8.085,1.348,0.0562,0.0502,0.0349,0.0144,0.0158,0.0475,0.4428,0.4526,0.4426,0.4151,0.3949,0.4592,3.8447,0.8834,3.84469333333333e-06,8.83439999999999e-07,3.84469333333333e-05,8.83439999999999e-06,0.130240289069557,0.0299268292682927,0.145762542187057,0.032978313,0.178740854713413,4.35195749947176,2.952,24.009,25.025,23.245,23.245,0.402,0.402,0.721,103.866,181.191,1.744,1.923,10.836,-25.78,16.52,31.0304263504276,0.576115219886874,58.7444524617439,41.2309,46.6492,2.3151,2.6194,0.3502,0.0622,0.0248,0.4372,0.027,10.0406029977107,10.0406029977107,57.8234,57.8234,4.0185,180.2869,0.2537,0.1187,0.0262,0.0433,1.2531,0.0125,0.1127,0.2007,1.3658,6.8045,0.0185142395008954,0.0824776416031799
"a_y_280_98","amb_inoc","amb","inoc",280,98,"8/13/22","6b","8/18/22","8/23/22","10/2/22",24.562,493.377,0.105,2.246,0.105,1.217,1.941,0.141,5.65,0.942,0.0478,0.0545,0.033,0.0156,0.0171,0.0458,0.443,0.4614,0.4365,0.4349,0.3978,0.4646,3.6333,0.8599,3.63325666666667e-06,8.5991e-07,3.63325666666667e-05,8.5991e-06,0.12030651214128,0.028473841,0.134644841290283,0.031377171,0.166022011951134,4.22515922208914,3.02,23.765,25.023,11.496,11.496,0.101,0.101,0.522,80.287,135.312,1.685,3.077,7.818,-25.96,17.9,25.7654277811338,0.584434536092861,63.1887137217556,42.749,44.1826,2.0451,2.1137,0.3064,0.0526,0.0286,0.3876,0.0321,5.62124101510929,5.62124101510929,113.8218,113.8218,3.4993,137.3755,0.4888,0.0841,0.0208,0.0303,0.8442,0.0077,0.0651,0.1429,0.9092,6.3638,0.0383250090301045,0.0726429675425039
"a_y_280_99","amb_inoc","amb","inoc",280,99,"8/13/22","2b","8/18/22","8/23/22","10/2/22",29.348,653.678,0.142,3.071,0.105,1.776,2.631,0.248,7.831,1.305,0.0452,0.0543,0.0338,0.0162,0.0144,0.0424,0.4395,0.454,0.4411,0.4486,0.4061,0.4578,3.7387,0.8616,3.73872333333333e-06,8.61566666666666e-07,3.73872333333333e-05,8.61566666666666e-06,0.124168825417912,0.028613971,0.138967471452935,0.031531589,0.170499060370739,4.33944751808721,3.011,22.499,25.017,17.372,17.372,0.17,0.17,0.549,100.622,166.926,1.659,1.902,9.912,-26.17,19.64,19.126951324198,0.594144292011822,68.825332899644,48.3849,46.6687,2.188,2.1104,0.3589,0.0607,0.0294,0.449,0.0356,7.93967093235832,7.93967093235832,102.1882,102.1882,3.6825,169.3562,0.4236,0.115,0.0255,0.0425,1.1802,0.0135,0.1126,0.1965,1.2928,6.5788,0.0189024269046531,0.0942607373622197
"a_y_280_100","amb_inoc","amb","inoc",280,100,"8/13/22","1t","8/18/22","8/23/22","10/2/22",27.318,588.966,0.137,3.135,0.135,1.667,2.583,0.306,7.826,1.304,0.0423,0.0517,0.0285,0.0162,0.0126,0.0336,0.4384,0.4615,0.4427,0.4476,0.4056,0.4512,4.1993,1.0488,4.19931666666667e-06,1.04884333333333e-06,4.19931666666667e-05,1.04884333333333e-05,0.132805713683323,0.0331702508960573,0.148633718350464,0.036552449,0.185186167352698,4.003759697,3.162,24.016,24.993,15.482,15.482,0.144,0.144,0.533,103.542,168.514,1.627,3.32,10.574,-26.11,16.97,29.3135789908753,0.591369648746066,67.1624671757938,50.1501,56.2125,2.1208,2.3772,0.381,0.0632,0.0283,0.4726,0.0386,7.30007544322897,7.30007544322897,107.5139,107.5139,3.5863,175.0885,0.4778,0.1008,0.0211,0.0417,1.1562,0.0158,0.1412,0.1794,1.2974,7.234,0.0320642830928512,0.118466898954704
"a_y_350_101","amb_inoc","amb","inoc",350,101,"8/13/22","1t","8/18/22","8/23/22","10/2/22",28.422,572.151,0.139,2.668,0.104,1.452,2.505,0.118,6.847,1.141,0.046,0.0559,0.0831,0.0206,0.0178,0.0388,0.4341,0.4546,0.448,0.4492,0.403,0.4465,3.7252,0.922,3.72516666666667e-06,9.2198e-07,3.72516666666667e-05,9.2198e-06,0.121896815008726,0.030169502617801,0.136424679084427,0.0332457300162,0.169670409100627,4.040398563,3.056,20.763,25.033,26.941,26.941,0.556,0.556,0.753,130.887,230.225,1.759,3.772,13.482,-27.18,19.66,4.81157469717361,0.640902159232684,104.646747267943,48.9058,50.0891,2.2492,2.3036,0.4542,0.0814,0.0268,0.5624,0.0352,11.9780366352481,11.9780366352481,48.455,48.455,3.5094,204.2231,0.2892,0.2328,0.0258,0.0517,1.1251,0.0066,0.0536,0.317,1.1788,3.7188,0.0288187520532979,0.0471057884231537
"a_y_350_102","amb_inoc","amb","inoc",350,102,"8/13/22","4b","8/19/22","8/23/22","10/2/22",32.923,639.923,0.144,3.026,0.108,1.672,3.038,0.148,7.992,1.332,0.0543,0.0541,0.0361,0.0171,0.0191,0.0448,0.4438,0.458,0.4469,0.4191,0.3953,0.4588,3.4943,0.832,3.49427666666667e-06,8.32006666666666e-07,3.49427666666667e-05,8.32006666666666e-06,0.118570636805791,0.0282323266598801,0.132702081460522,0.0311110302928803,0.163813111753403,4.19981811043181,2.947,23.103,25.026,17.18,17.18,0.226,0.226,0.636,87.656,139.422,1.591,2.584,9.446,-26.31,19.05,7.54822790489007,0.600619789453036,72.87828464,43.7384,46.7472,2.3754,2.5388,0.288,0.0467,0.0235,0.3582,0.0285,7.23246611097078,7.23246611097078,76.0177,76.0177,3.955,145.9426,0.3216,0.123,0.0319,0.052,1.2731,0.008,0.0678,0.2149,1.3409,6.2398,0.029478871954002,0.0487162606978275
"a_y_350_103","amb_inoc","amb","inoc",350,103,"8/13/22","4t","8/19/22","8/23/22","10/2/22",22.565,311.52,0.087,1.365,0.068,0.689,0.926,0.046,3.094,0.516,0.0628,0.0494,0.0467,0.0187,0.0213,0.0566,0.4317,0.4428,0.4437,0.422,0.3972,0.4556,3.2796,0.7349,3.27964e-06,7.34939999999999e-07,3.27964e-05,7.34939999999999e-06,0.109284905031656,0.024489836721093,0.12230966081147,0.026986938,0.149296598915311,4.46245952050508,3.001,16.884,25.031,23.677,23.677,0.372,0.372,0.695,109.452,191.406,1.749,1.973,11.558,-25.8,20.41,1.44683714670255,0.577039436538404,59.2216676963162,38.5553,40.2748,2.4193,2.5272,0.3531,0.0629,0.0215,0.4375,0.0235,9.78671516554375,9.78671516554375,63.6478,63.6478,4.1927,189.6785,0.2798,0.0734,0.0147,0.0173,0.3907,0.0023,0.0204,0.1077,0.4111,3.8164,0.0180261667214852,0.0496760259179266
"a_y_350_104","amb_inoc","amb","inoc",350,104,"8/13/22","5b","8/19/22","8/23/22","10/2/22",30.781,548.742,0.143,2.695,0.118,1.598,2.873,0.134,7.418,1.236,0.0489,0.0528,0.0408,0.0154,0.0142,0.0356,0.4424,0.4538,0.4343,0.4239,0.4065,0.4448,3.1093,1.0409,3.10926666666667e-06,1.04090666666667e-06,3.10926666666667e-05,1.04090666666667e-05,0.105649563937026,0.035368898,0.118241053750966,0.0389752806703667,0.157216334421333,2.98707537019009,2.943,22.908,25.026,22.139,22.139,0.31,0.31,0.659,104.669,173.212,1.655,1.561,10.907,-27.08,18.94,8.04172274562583,0.636268337332082,100.317911003612,46.4572,51.5104,2.2713,2.5183,0.3597,0.0607,0.0227,0.443,0.0324,9.74728129265178,9.74728129265178,71.4161,71.4161,3.5697,164.5045,0.3031,0.1228,0.0228,0.0444,1.2178,0.0071,0.0608,0.197,1.2787,6.4914,0.0149136802682743,0.0466411416637661
"a_y_630_105","amb_inoc","amb","inoc",630,105,"8/13/22","1b","8/18/22","8/23/22","10/2/22",24.642,340.353,0.118,1.779,0.107,0.925,1.197,0.02,4.028,0.671,0.0589,0.0529,0.0434,0.0212,0.0246,0.0489,0.4436,0.4456,0.446,0.4254,0.3888,0.4638,3.6683,0.9468,3.66828e-06,9.46806666666666e-07,3.66828e-05,9.46806666666666e-06,0.121506459092415,0.031361599,0.135987799904215,0.034559378,0.170547177914934,3.87437069165828,3.019,20.662,25.019,22.635,22.635,0.328,0.328,0.677,115.812,198.996,1.718,3.782,11.354,-26.07,11.9,7.42906276870163,0.589520076,66.0776088004222,47.8857,51.7859,2.8229,3.0528,0.3202,0.0561,0.0203,0.3966,0.0272,8.01834992383719,8.01834992383719,69.0091,69.0091,4.7884,196.4513,0.316,0.0905,0.0227,0.0254,0.5092,0.0011,0.0089,0.1397,0.5181,3.7095,0.0326563741235796,0.0167084377610693
"a_y_630_106","amb_inoc","amb","inoc",630,106,"8/13/22","5b","8/18/22","8/23/22","10/2/22",30.925,667.089,0.135,3.772,0.131,1.916,1.936,0.057,7.812,1.302,0.0626,0.0524,0.0569,0.0236,0.0187,NA,0.4474,0.4548,0.4406,0.418,0.4142,NA,3.7376,1.1481,3.73764333333333e-06,1.14814666666667e-06,3.73764333333333e-05,1.14814666666667e-05,0.12687180357547,0.038973071,0.141992595019048,0.042946952,0.184939547348607,3.25537097467222,2.946,23.828,25.033,22.972,22.972,0.417,0.417,0.727,106.955,182.943,1.71,2.916,10.722,-25.69,12.52,3.16423043852107,0.571956714504974,56.6460955017338,43.654,54.9773,2.7327,3.4416,0.3055,0.0532,0.0195,0.3783,0.0247,8.40633805393933,8.40633805393933,55.0887,55.0887,4.7779,186.9984,0.2623,0.2314,0.0358,0.0457,0.8093,0.003,0.0259,0.3159,0.8352,2.6436,0.0272638025337759,0.0294421487603306
"a_y_630_107","amb_inoc","amb","inoc",630,107,"8/13/22","6t","8/18/22","8/23/22","10/2/22",34.201,568.462,0.156,3.164,0.116,1.706,3.018,0.042,8.046,1.341,0.0587,0.0486,0.0444,0.0216,0.0231,NA,0.4478,0.4474,0.439,0.4139,0.401,NA,3.6855,1.1437,3.68550333333333e-06,1.14365333333333e-06,3.68550333333333e-05,1.14365333333333e-05,0.124258372668015,0.038558777,0.13906769109245,0.042490415,0.181558106481736,3.22257035931634,2.966,24.045,25.019,21.393,21.393,0.287,0.287,0.652,103.883,174.438,1.679,1.973,9.967,-25.31,13.67,0,0.554407047283157,48.6061775469082,45.6127,48.2429,2.6779,2.8323,0.3028,0.0518,0.0233,0.3779,0.0268,7.98872250644161,7.98872250644161,74.5401,74.5401,4.8302,187.3768,0.3122,0.1565,0.0393,0.0651,1.2492,0.002,0.0188,0.263,1.268,4.8217,0.0189925204316394,0.0139165009940358
"a_y_630_108","amb_inoc","amb","inoc",630,108,"8/13/22","6t","8/19/22","8/23/22","10/2/22",31.425,430.514,0.157,1.913,0.158,1.071,3.276,0.04,6.458,1.076,0.0587,0.0496,0.0577,0.0234,0.0221,NA,0.4483,0.449,0.4446,0.4256,0.401,NA,4.2951,1.1569,4.29511e-06,1.15690333333333e-06,4.29511e-05,1.15690333333333e-05,0.148619723183391,0.040031257,0.166332467665041,0.044113036,0.210445504138716,3.71259194804521,2.89,25.189,25.002,11.374,11.374,0.117,0.117,0.587,66.162,112.535,1.701,2.707,NA,-25.85,13.52,0,0.579350144,60.432525753554,49.9602,62.7258,2.9317,3.6807,0.1761,0.0305,0.0208,0.2275,0.0278,3.87966026537504,3.87966026537504,97.2137,97.2137,5.0603,114.2004,0.3805,0.1289,0.0236,0.0766,1.3942,0.002,0.018,0.2312,1.4122,6.1087,0.0409147244641939,0.0122100122100122
"a_n_0_110","amb_no.inoc","amb","no.inoc",0,110,"8/13/22","1b","8/18/22","8/23/22","10/2/22",6.439,40.69,0.028,0.136,0.013,0.139,0.314,0,0.602,0.1,0.0122,NA,0.0126,0.0065,0.0052,NA,0.3784,NA,0.3766,0.3706,0.4119,NA,0,0.2785,0,2.7854e-07,0,2.7854e-06,0,0.014815957,0,0.0163266636327465,0.0163266636327465,0,1.88,3.251,25.003,1.569,1.569,0.017,0.017,0.624,5.932,15.502,2.613,-0.289,1.145,-27.96,1.36,0,0.677078691502513,146.650587565856,43.485,39.9877,0.531,0.4882,0.0872,0.0232,0.0122,0.1226,0.1266,2.95480225988701,2.95480225988701,92.2941,92.2941,0.7842,8.7612,0.2795,0.0022,7e-04,0.002,0.1164,0,0,0.005,0.1164,23.336,-0.0487188132164531,0
"a_n_0_111","amb_no.inoc","amb","no.inoc",0,111,"8/13/22","4t","8/19/22","8/23/22","10/2/22",6.968,35.428,0.031,0.102,0.017,0.164,0.588,0,0.871,0.145,0.0124,NA,0.0151,0.0076,0.0061,NA,0.3831,NA,0.3926,0.3821,0.4074,NA,0,0.0293,0,2.932e-08,0,2.932e-07,0,0.001582299,0,0.001743638,0.001743638,0,1.853,3.937,24.986,1.832,1.832,0.027,0.027,0.714,9.801,21.273,2.17,0.68,NA,-28.21,-0.01,46.9580119965724,0.688686023,163.988888577625,44.4891,43.1801,0.5494,0.5333,0.1392,0.0308,0.0012,0.1712,0.1263,3.3345467783036,3.3345467783036,67.8519,67.8519,0.7978,14.2314,0.2494,0.0021,0.001,0.0045,0.2247,0,0,0.0076,0.2247,29.5999,0.0693806754412815,0
"a_n_35_113","amb_no.inoc","amb","no.inoc",35,113,"8/13/22","3t","8/18/22","8/23/22","10/2/22",4.487,34.084,0.018,0.089,0.012,0.124,0.358,0,0.583,0.097,0.0287,NA,0.0246,0.0249,0.0077,NA,0.3908,NA,0.4129,0.3785,0.3989,NA,0.0543,0.0376,5.43333333333333e-08,3.75966666666667e-08,5.43333333333333e-07,3.75966666666667e-07,0.004736995,0.003277826,0.005301558,0.003612049,0.008913607,1.44516357833141,1.147,3.26,25,8.35,8.35,0.15,0.15,0.752,32.525,61.813,1.9,0.177,4.526,-28.43,16.4,0,0.698905416892115,181.249563077551,40.1159,36.8098,1.1497,1.055,0.2208,0.0428,0.0031,0.2666,0.0523,7.26276419935635,7.26276419935635,55.6667,55.6667,1.645,46.5371,0.1797,0.003,0.001,0.0089,0.1355,0,0,0.0129,0.1355,10.4737,0.00544196771714066,0
"a_n_35_114","amb_no.inoc","amb","no.inoc",35,114,"8/13/22","6t","8/19/22","8/23/22","10/2/22",8.483,76.581,0.041,0.288,0.027,0.261,0.801,0,1.377,0.23,0.013,NA,0.0382,0.008,0.0054,NA,0.3805,NA,0.3907,0.4018,0.4186,NA,0,0.0806,0,8.063e-08,0,8.063e-07,0,0.004542535,0,0.005005714,0.005005714,0,1.775,5.893,24.998,3.396,3.396,0.051,0.051,0.72,17.354,35.823,2.064,1.156,NA,-27.87,5.24,54.248695944809,0.672901513459365,140.934746844441,48.332,45.8171,0.6264,0.5938,0.2162,0.0455,0.0031,0.2648,0.1243,5.42145593869732,5.42145593869732,66.5882,66.5882,0.9309,25.7898,0.2228,0.0119,0.0014,0.0064,0.3218,0,0,0.0197,0.3218,16.3484,0.0666128846375475,0
"a_n_35_115","amb_no.inoc","amb","no.inoc",35,115,"8/13/22","4b","8/18/22","8/23/22","10/2/22",5.061,29.555,0.018,0.068,0.01,0.105,0.185,0,0.368,0.061,0.0239,NA,0.0278,0.0098,0.0094,NA,0.3865,NA,0.4164,0.351,0.4036,NA,0.0257,0.0978,2.571e-08,9.77733333333333e-08,2.571e-07,9.77733333333333e-07,0.002090244,0.007949051,0.002339363,0.008759575,0.011098938,0.262955134324287,1.23,4.064,24.99,3.504,3.504,0.057,0.057,0.736,17.087,33.247,1.946,1.023,NA,-28.82,11.33,13.2592966515228,0.717032993123369,217.421391623662,35.5661,24.6063,0.8504,0.5883,0.1568,0.0311,0.0069,0.1948,0.0598,4.12041392285983,4.12041392285983,61.4737,61.4737,1.186,23.8301,0.2068,0.0026,0.001,0.0018,0.0649,0,0,0.0054,0.0649,12.1167,0.0598700766664716,0
"a_n_35_116","amb_no.inoc","amb","no.inoc",35,116,"8/13/22","2t","8/18/22","8/23/22","10/2/22",7.861,63.7,0.025,0.19,0.017,0.234,0.361,0,0.802,0.134,0.0383,NA,0.0289,0.0113,0.0101,NA,0.4132,NA,0.4083,0.3698,0.3908,NA,0.2594,0.3568,2.5944e-07,3.5681e-07,2.5944e-06,3.5681e-06,0.0147241770715096,0.0202502837684449,0.0164790288541926,0.0223150999685333,0.038794128822726,0.727109666208907,1.762,5.397,25.021,11.899,11.899,0.213,0.213,0.747,54.64,101.24,1.853,2.094,6.531,-27.74,20.23,0,0.666869177128915,133.1242161,31.8026,31.499,1.2174,1.2058,0.3503,0.0661,0.0117,0.4281,0.0357,9.77410875636603,9.77410875636603,55.8638,55.8638,1.8255,81.9351,0.2225,0.0071,0.0024,0.0041,0.1335,0,0,0.0135,0.1335,9.8666,0.0383235724743777,0
"a_n_70_120","amb_no.inoc","amb","no.inoc",70,120,"8/13/22","5b","8/18/22","8/23/22","10/2/22",9.199,83.158,0.036,0.276,0.026,0.255,0.614,0,1.171,0.195,0.0343,NA,0.042,0.0093,0.0072,NA,0.4006,NA,0.4002,0.3874,0.4032,NA,0.5588,0.2807,5.5876e-07,2.80676666666667e-07,5.5876e-06,2.80676666666667e-06,0.0238277185501066,0.011969154,0.026667545466874,0.0131895866848003,0.0398571321516743,1.99076042421291,2.345,7.724,25.011,9.351,9.351,0.185,0.185,0.77,43.731,79.066,1.808,2.246,NA,-28.19,26.21,0,0.687757217,162.517290581245,39.1347,33.6613,1.3415,1.1539,0.2544,0.0469,0.0126,0.3139,0.0433,6.9705553484905,6.9705553484905,50.5459,50.5459,1.9506,63.5849,0.1993,0.0137,0.0018,0.0057,0.2379,0,0,0.0213,0.2379,11.1827,0.0513594475314994,0
"a_n_105_121","amb_no.inoc","amb","no.inoc",105,121,"8/13/22","2b","8/18/22","8/23/22","10/2/22",10.828,132.133,0.037,0.45,0.025,0.299,0.354,0,1.128,0.188,0.0438,NA,0.0296,0.0098,0.0122,NA,0.427,NA,0.4196,0.3825,0.3939,NA,0.7614,0.3353,7.61386666666667e-07,3.353e-07,7.61386666666666e-06,3.353e-06,0.031384446,0.0138211046990932,0.035124897,0.0152303709203535,0.050355267,2.27076250124267,2.426,7.649,25.014,13.736,13.736,0.275,0.275,0.766,57.965,110.747,1.911,1.328,7.617,-28.35,29.94,1.59337655237054,0.695188738393232,174.737324152891,34.1707,32.684,1.497,1.4319,0.3022,0.0588,0.0128,0.3738,0.0321,9.17568470273881,9.17568470273881,49.9491,49.9491,2.1534,83.3802,0.1981,0.016,0.0037,0.0035,0.1354,0,0,0.0232,0.1354,5.8426,0.0229103769516087,0
"a_n_105_124","amb_no.inoc","amb","no.inoc",105,124,"8/13/22","5b","8/18/22","8/23/22","10/2/22",14.849,162.803,0.056,0.6,0.038,0.37,0.736,0,1.744,0.291,0.0345,NA,0.0331,0.009,0.0083,NA,0.3943,NA,0.4023,0.3746,0.3752,NA,0.3627,0.1619,3.6275e-07,1.61856666666667e-07,3.6275e-06,1.61856666666667e-06,0.0196932681867535,0.008787007,0.022040344469288,0.009682972,0.031723317,2.24118046831559,1.842,8.642,25.021,14.446,14.446,0.248,0.248,0.728,64.523,116.118,1.8,1.921,8.007,-27.4,30.96,0,0.651099921527332,114.923821931388,37.713,43.9713,1.303,1.5192,0.3865,0.0709,0.0076,0.465,0.0423,11.0867229470453,11.0867229470453,58.25,58.25,2.0012,99.0985,0.2243,0.0231,0.0031,0.0066,0.2757,0,0,0.0328,0.2757,8.4119,0.0297723292469352,0
"a_n_140_125","amb_no.inoc","amb","no.inoc",140,125,"8/13/22","1t","8/19/22","8/23/22","10/2/22",19.616,194.776,0.075,0.638,0.057,0.509,0.626,0,1.83,0.305,0.0456,NA,0.0559,0.0145,0.0141,NA,0.4186,NA,0.4385,0.3991,0.3991,NA,1.3342,0.4123,1.33424333333333e-06,4.12273333333333e-07,1.33424333333333e-05,4.12273333333333e-06,0.0432493787142085,0.0133638033495408,0.048403911,0.0147264409286707,0.063130352,3.23630762762569,3.085,14.445,26.5,20.238,20.238,0.47,0.47,0.784,84.238,153.307,1.82,2.789,10.236,-27.83,29.45,3.32813717848792,0.671045238141692,138.476892322149,38.2341,39.46,1.7446,1.8006,0.3769,0.0699,0.0127,0.4595,0.0322,11.6003668462685,11.6003668462685,43.0596,43.0596,2.5999,125.5325,0.1579,0.0417,0.0072,0.0091,0.2498,0,0,0.058,0.2498,4.3105,0.0331085733279518,0
"a_n_140_126","amb_no.inoc","amb","no.inoc",140,126,"8/13/22","4t","8/19/22","8/23/22","10/2/22",16.974,279.683,0.064,1.076,0.057,0.608,0.927,0.014,2.682,0.447,0.0536,0.0576,0.0396,0.0155,0.0161,NA,0.4343,0.448,0.4502,0.4161,0.3983,NA,1.8656,0.5823,1.86560333333333e-06,5.8229e-07,1.86560333333333e-05,5.8229e-06,0.062836084,0.0196123273829572,0.070324992,0.021612094485721,0.091937087,3.20390756037942,2.969,13.69,25.014,20.076,20.076,0.429,0.429,0.769,83.68,151.904,1.815,1.569,NA,-27.36,29.61,2.82930631332813,0.649245439795236,112.974000987528,37.7047,41.6362,2.0191,2.2296,0.3235,0.0598,0.015,0.3983,0.0273,9.94304393046407,9.94304393046407,46.7972,46.7972,3.1099,128.8881,0.1994,0.049,0.0098,0.0144,0.3857,8e-04,0.0063,0.074,0.392,5.2968,0.01875,0.0151024811218986
"a_n_140_127","amb_no.inoc","amb","no.inoc",140,127,"8/13/22","4b","8/18/22","8/23/22","10/2/22",11.647,151.948,0.043,0.626,0.035,0.389,0.799,0,1.849,0.308,0.0382,NA,0.0233,0.0093,0.0088,NA,0.4124,NA,0.4139,0.396,0.3978,NA,0.9757,0.3644,9.757e-07,3.64386666666667e-07,9.757e-06,3.64386666666667e-06,0.032458417,0.012121978,0.0363268642772131,0.0133579933944823,0.049684858,2.67765011526218,3.006,10.345,25.017,10.056,10.056,0.17,0.17,0.736,49.121,91.994,1.873,2.568,6.414,-27.57,30.39,0.397505845674194,0.658983171,123.644957966865,36.9194,33.8328,1.4107,1.2928,0.2718,0.0519,0.014,0.3376,0.038,7.12837598355426,7.12837598355426,59.1529,59.1529,2.1407,74.5406,0.2307,0.0176,0.0034,0.0075,0.3164,0,0,0.0285,0.3164,11.1012,0.0522790659799271,0
"a_n_140_128","amb_no.inoc","amb","no.inoc",140,128,"8/13/22","2t","8/19/22","8/23/22","10/2/22",16.34,202.522,0.057,0.643,0.038,0.393,0.535,0.014,1.623,0.271,0.0497,0.0615,0.0363,0.0142,0.0165,NA,0.4245,0.4412,0.4321,0.4281,0.3859,NA,1.3422,0.62,1.34215333333333e-06,6.19996666666666e-07,1.34215333333333e-05,6.19996666666666e-06,0.043775386,0.020221679,0.048992609,0.0222835781081338,0.071276187,2.16477507943591,3.066,10.836,25.018,15.356,15.356,0.272,0.272,0.73,68.896,131.457,1.908,2.172,NA,-28.5,32.62,0,0.702158013,187.183141556,34.8837,35.0683,1.7337,1.7429,0.3102,0.0603,0.0149,0.3853,0.0285,8.85735709753706,8.85735709753706,56.4559,56.4559,2.4691,98.1204,0.2231,0.028,0.0065,0.0076,0.229,9e-04,0.0062,0.043,0.2352,5.4681,0.0315257779842081,0.0261682242990654
"a_n_210_129","amb_no.inoc","amb","no.inoc",210,129,"8/13/22","1b","8/19/22","8/23/22","10/2/22",22.793,349.327,0.097,1.218,0.081,1.017,0.869,0,3.185,0.531,0.0463,NA,0.0363,0.0126,0.0153,NA,0.4217,NA,0.4409,0.4255,0.3963,NA,1.6395,0.463,1.63946e-06,4.62996666666667e-07,1.63946e-05,4.62996666666667e-06,0.0544309428950863,0.015371735,0.060918113,0.0169391112445567,0.077857224,3.54097581696052,3.012,19.112,25.038,19.026,19.026,0.309,0.309,0.703,95.33,173.538,1.82,3.524,11.359,-27.91,33.31,0,0.674757941542755,143.442858217573,42.5569,42.3817,1.9704,1.9623,0.3776,0.07,0.0144,0.4621,0.0331,9.65590742996346,9.65590742996346,61.5728,61.5728,2.9201,141.2803,0.2909,0.0525,0.0156,0.0109,0.3698,0,0,0.079,0.3698,4.6809,0.0369663274939683,0
"a_n_210_130","amb_no.inoc","amb","no.inoc",210,130,"8/13/22","6t","8/18/22","8/23/22","10/2/22",20.054,362.474,0.073,1.536,0.071,0.782,1.352,0,3.741,0.624,0.0479,NA,0.0422,0.0123,0.0121,NA,0.4258,NA,0.42,0.4139,0.4048,NA,1.829,0.5982,1.82903333333333e-06,5.9825e-07,1.82903333333333e-05,5.9825e-06,0.0608663338879645,0.0199084858569052,0.068120484,0.0219384507001941,0.090058935,3.05730603148071,3.005,13.055,25.05,19.739,19.739,0.448,0.448,0.781,84.205,156.506,1.859,2.354,9.847,-26.58,31.33,1.76237771637667,0.613113508885246,81.4362060054064,36.4017,54.3853,1.7426,2.6034,0.3772,0.0714,0.0126,0.4612,0.0301,11.3273269826696,11.3273269826696,44.0603,44.0603,2.8421,137.34,0.1929,0.0717,0.0094,0.0166,0.5596,0,0,0.0977,0.5596,5.729,0.0279555845852384,0
"a_n_210_131","amb_no.inoc","amb","no.inoc",210,131,"8/13/22","2b","8/18/22","8/23/22","10/2/22",29.575,372.895,0.131,1.327,0.088,0.958,1.053,0,3.426,0.571,0.0497,NA,0.0426,0.0168,0.0186,NA,0.442,NA,0.4508,0.4402,0.3973,NA,2.4777,0.6966,2.47772666666667e-06,6.96623333333333e-07,2.47772666666667e-05,6.96623333333333e-06,0.082234539,0.0231205885606815,0.092035388,0.025478075,0.117513462473925,3.55676668883711,3.013,21.577,25.057,19.145,19.145,0.289,0.289,0.692,90.791,166.558,1.835,2.282,11.047,-26.51,30.49,4.27152565155702,0.60987373097592,79.1180825170362,44.2942,40.7842,2.2019,2.0274,0.3218,0.0602,0.0211,0.4031,0.0313,8.69476361324311,8.69476361324311,66.2457,66.2457,3.6104,148.8685,0.281,0.0674,0.0178,0.0176,0.4635,0,0,0.1029,0.4635,4.5051,0.0251346499102334,0
"a_n_210_132","amb_no.inoc","amb","no.inoc",210,132,"8/13/22","4b","8/18/22","8/23/22","10/2/22",17.256,283.206,0.073,1.098,0.1,0.594,1.354,0,3.146,0.524,0.0449,NA,0.0334,0.0117,0.0114,NA,0.4279,NA,0.4396,0.4056,0.4024,NA,2.0034,0.6175,2.00339666666667e-06,6.17523333333333e-07,2.00339666666667e-05,6.17523333333333e-06,0.065235971,0.0201082166503853,0.073010902,0.0221585470047333,0.095169449,3.24424448198989,3.071,21.359,25.025,17.048,17.048,0.328,0.328,0.751,78.822,144.323,1.831,2.936,9.468,-27.74,32.55,0,0.666869177128915,133.1242161,42.3041,46.8187,1.8982,2.1008,0.3241,0.0605,0.0165,0.401,0.0341,8.98114002739437,8.98114002739437,51.9756,51.9756,2.8464,118.1971,0.2307,0.0445,0.0068,0.0158,0.5492,0,0,0.0671,0.5492,8.1901,0.0372484839258075,0
"a_n_280_133","amb_no.inoc","amb","no.inoc",280,133,"8/13/22","1b","8/18/22","8/23/22","10/2/22",24.237,587.643,0.106,2.508,0.111,1.467,2.568,0,6.654,1.109,0.0462,NA,0.0319,0.0169,0.0168,NA,0.4347,NA,0.4312,0.4467,0.3936,NA,2.8423,0.8236,2.84234666666667e-06,8.23603333333333e-07,2.84234666666667e-05,8.23603333333333e-06,0.092283983,0.026740368,0.103282540412511,0.0294669443236338,0.132749484736145,3.45111117406842,3.08,24.936,24.993,13.852,13.852,0.158,0.158,0.594,84.932,132.193,1.556,3.924,NA,-26.22,25.49,0,0.596456755924005,70.2445031311223,43.7348,44.514,2.0184,2.0543,0.3284,0.0521,0.0235,0.404,0.0336,6.86286167261197,6.86286167261197,87.6709,87.6709,3.3839,142.3942,0.4008,0.09,0.0246,0.0434,1.1472,0,0,0.158,1.1472,7.2606,0.0462016672161258,0
"a_n_280_134","amb_no.inoc","amb","no.inoc",280,134,"8/13/22","1t","8/19/22","8/23/22","10/2/22",30.226,499.882,0.137,2.273,0.127,1.207,1.831,0,5.438,0.906,0.052,NA,0.0673,0.0183,0.0177,NA,0.4473,NA,0.4408,0.4311,0.4116,NA,3.2491,0.83,3.24914666666667e-06,8.29993333333333e-07,3.24914666666667e-05,8.29993333333333e-06,0.100035303776683,0.0255539819376026,0.111957676776626,0.0281595886779757,0.140117265454602,3.91466598125286,3.248,26.218,27.691,19.609,19.609,0.212,0.212,0.589,113.095,180.111,1.593,3.454,11.845,-26.49,23.95,2.68336883604108,0.608948165720153,78.4689441455757,45.3252,48.44,2.3565,2.5184,0.3746,0.0608,0.0202,0.4556,0.0302,8.32123912582219,8.32123912582219,92.4953,92.4953,3.8697,185.7219,0.3977,0.1667,0.0213,0.0335,0.7893,0,0,0.2216,0.7893,3.5626,0.0305406958751492,0
"a_n_280_136","amb_no.inoc","amb","no.inoc",280,136,"8/13/22","3t","8/19/22","8/23/22","10/2/22",30.4,425.559,0.114,1.715,0.105,0.817,1.244,0,3.881,0.647,0.0621,NA,0.0364,0.015,0.0181,NA,0.4304,NA,0.439,0.4234,0.3962,NA,3.3409,0.7763,3.34091333333333e-06,7.7632e-07,3.34091333333333e-05,7.7632e-06,0.115923432801295,0.0269368494101318,0.129739379303304,0.0296834599602542,0.159422839263558,4.30352603737291,2.882,24.507,25.034,25.978,25.978,0.477,0.477,0.728,114.362,215.672,1.886,1.608,13.572,-26.89,24.52,0.508695513941435,0.627466699510506,92.6290770825036,37.5,42.8449,2.3295,2.6615,0.3832,0.0736,0.0218,0.4786,0.0235,11.1517493024254,11.1517493024254,54.4612,54.4612,3.7125,182.2599,0.2536,0.0761,0.0148,0.0186,0.5267,0,0,0.1094,0.5267,4.8128,0.0140606145397947,0
"a_n_350_137","amb_no.inoc","amb","no.inoc",350,137,"8/13/22","2t","8/18/22","8/23/22","10/2/22",28.579,580.481,0.128,2.733,0.106,1.616,2.691,0,7.146,1.191,0.0491,NA,0.0348,0.0138,0.0161,NA,0.44,NA,0.4566,0.4373,0.4017,NA,3.9334,1.0355,3.93336666666667e-06,1.03548e-06,3.93336666666667e-05,1.03548e-05,0.128793931456014,0.033905697,0.144143805280315,0.037362885,0.181506690495223,3.79859260117691,3.054,23.208,25.016,12.624,12.624,0.138,0.138,0.589,71.682,124.227,1.733,2.566,NA,-26.29,21.33,0,0.599694604384267,72.2840101537656,44.7881,45.6739,2.1978,2.2412,0.2546,0.045,0.0294,0.329,0.0319,5.74392574392574,5.74392574392574,91.4783,91.4783,3.6648,119.5308,0.3768,0.1067,0.026,0.0371,1.1768,0,0,0.1699,1.1768,6.9277,0.035796992271421,0
"a_n_350_138","amb_no.inoc","amb","no.inoc",350,138,"8/13/22","6b","8/19/22","8/23/22","10/2/22",26.037,537.062,0.118,2.456,0.1,1.845,2.931,0,7.332,1.222,0.047,NA,0.0377,0.0162,0.0139,NA,0.4398,NA,0.442,0.4361,0.3959,NA,3.4967,0.8173,3.49665e-06,8.17346666666666e-07,3.49665e-05,8.17346666666666e-06,0.114120430809399,0.0266758050478677,0.127721492551174,0.0293957982609537,0.157117290812128,4.27805011337499,3.064,23.051,25.008,16.955,16.955,0.176,0.176,0.579,103.3,166.181,1.609,3.67,9.376,-25.11,21.15,0,0.545175875576936,44.8537642816403,45.3201,43.3821,2.1314,2.0403,0.3783,0.062,0.028,0.4683,0.0334,7.95486534672046,7.95486534672046,96.3352,96.3352,3.9096,189.4801,0.4198,0.1029,0.0256,0.0474,1.2782,0,0,0.1759,1.2782,7.2643,0.0355275895450145,0
"a_n_350_139","amb_no.inoc","amb","no.inoc",350,139,"8/13/22","4t","8/19/22","8/23/22","10/2/22",27.314,355.25,0.113,1.533,0.111,0.73,1.287,0,3.661,0.61,0.062,NA,0.046,0.0226,0.0213,NA,0.4359,NA,0.4492,0.4196,0.4081,NA,3.7861,0.8954,3.78611666666667e-06,8.9538e-07,3.78611666666667e-05,8.9538e-06,0.125868240248227,0.0297666223404255,0.140869425354195,0.032801770130611,0.173671195484806,4.22850260969272,3.008,25.248,25.033,27.442,27.442,0.5,0.5,0.725,125.416,220.709,1.76,2.428,12.586,-26.46,18.88,8.31090174966352,0.607559889140603,77.5059934053541,41.3707,43.9639,2.5646,2.7253,0.3817,0.0684,0.0232,0.4733,0.0245,10.7003041409966,10.7003041409966,54.884,54.884,4.2211,206.4257,0.2683,0.0845,0.0156,0.0292,0.54,0,0,0.1292,0.54,4.1803,0.0193595713465587,0
"a_n_350_140","amb_no.inoc","amb","no.inoc",350,140,"8/13/22","3t","8/19/22","8/23/22","10/2/22",29.484,438.779,0.124,1.793,0.119,1.023,1.532,0,4.467,0.745,0.0611,NA,0.0422,0.0188,0.0191,NA,0.4354,NA,0.4465,0.4179,0.3961,NA,3.6522,0.9061,3.65220666666667e-06,9.06136666666666e-07,3.65220666666667e-05,9.06136666666666e-06,0.121376093940401,0.0301142129168051,0.135841897617711,0.033184803,0.169026700329432,4.03052519671426,3.009,23.556,25.019,25.814,25.814,0.367,0.367,0.659,123.621,210.819,1.705,1.697,13.1,-27.43,21.57,0,0.652490882932607,116.411046547588,42.0567,50.5179,2.5692,3.0861,0.3755,0.0653,0.0199,0.4607,0.025,10.0474855986299,10.0474855986299,70.3379,70.3379,3.9376,189.4601,0.3146,0.0905,0.0196,0.0288,0.6403,0,0,0.1388,0.6403,4.6113,0.0137274411305523,0
"a_n_630_141","amb_no.inoc","amb","no.inoc",630,141,"8/13/22","2b","8/18/22","8/23/22","10/2/22",32.027,493.125,0.164,2.287,0.118,1.13,2.059,0,5.594,0.932,0.0576,NA,0.0492,0.0266,0.0268,NA,0.4399,NA,0.4487,0.39,0.3868,NA,3.789,0.9009,3.78899333333333e-06,9.00936666666667e-07,3.78899333333333e-05,9.00936666666667e-06,0.126468402314197,0.030071317,0.14154111572808,0.033137533,0.17467864899306,4.205615637,2.996,22.862,25.014,13.158,13.158,0.12,0.12,0.528,93.055,151.057,1.623,4.357,9.159,-26.19,13.9,0,0.595069249,69.3893025344688,51.2068,51.614,2.9516,2.975,0.2461,0.0407,0.0214,0.3081,0.0286,4.45792112752405,4.45792112752405,109.65,109.65,4.96,156.3768,0.4793,0.1288,0.0303,0.0548,0.803,0,0,0.2139,0.803,3.7535,0.046821772070281,0
"a_n_630_142","amb_no.inoc","amb","no.inoc",630,142,"8/13/22","4b","8/18/22","8/23/22","10/2/22",31.753,649.143,0.151,3.54,0.11,1.863,3.343,0,8.856,1.476,0.0547,NA,0.0342,0.0227,0.0193,NA,0.4401,NA,0.4346,0.4133,0.4082,NA,3.9077,0.9377,3.90765666666667e-06,9.37706666666666e-07,3.90765666666667e-05,9.37706666666666e-06,0.132373193315266,0.031765131,0.148149649489392,0.035004056,0.18315370580491,4.16724846433853,2.952,22.938,25.014,17.073,17.073,0.2,0.2,0.618,91.317,152.459,1.67,2.887,9.176,-25.87,12.67,2.13241616509029,0.580274494,60.924102585517,47.5546,47.9554,2.6022,2.6241,0.2739,0.0466,0.0254,0.3459,0.0293,6.56098685727461,6.56098685727461,85.365,85.365,4.4844,157.3686,0.3481,0.1355,0.0359,0.076,1.3816,0,0,0.2474,1.3816,5.5842,0.031615142854014,0
"a_n_630_143","amb_no.inoc","amb","no.inoc",630,143,"8/13/22","5b","8/18/22","8/23/22","10/2/22",30.362,474.828,0.124,2.422,0.139,0.986,1.938,0,5.485,0.914,0.063,NA,0.0505,0.0262,0.0239,NA,0.4349,NA,0.4366,0.4081,0.4056,NA,4.4094,0.964,4.40942333333333e-06,9.6396e-07,4.40942333333333e-05,9.6396e-06,0.149827500283158,0.032754332,0.167684189637674,0.036094121,0.203778311001427,4.57428039891005,2.943,28.333,25.04,24.494,24.494,0.485,0.485,0.747,106.934,191.661,1.792,2.161,11.539,-26.63,12.47,3.50816852966466,0.615427921255926,83.1370469608853,40.8405,49.0594,2.5721,3.0898,0.3245,0.0593,0.024,0.4077,0.024,9.52295789432759,9.52295789432759,50.5031,50.5031,4.1794,173.7555,0.2319,0.1388,0.0235,0.0508,0.7909,0,0,0.2131,0.7909,3.711,0.0202087268782614,0
"a_n_630_144","amb_no.inoc","amb","no.inoc",630,144,"8/13/22","5t","8/18/22","8/23/22","10/2/22",30.25,712.313,0.135,3.669,0.27,2.1,2.745,0.006,8.79,1.465,0.0617,0.043,0.0456,0.0221,0.0216,NA,0.4424,0.4585,0.4501,0.446,0.4056,NA,5.6116,1.3521,5.61162666666667e-06,1.35211333333333e-06,5.61162666666667e-05,1.35211333333333e-05,0.186991891591692,0.045055426,0.209277894586173,0.049649494,0.258927388199319,4.15026353806634,3.001,38.152,25.024,23.373,23.373,0.344,0.344,0.676,115.909,199.472,1.721,3.061,11.916,-26,12.88,0.687876182287186,0.586283690606709,64.2234828979986,44.6281,70.7696,2.754,4.3672,0.3285,0.0576,0.0216,0.4077,0.0253,8.48692810457516,8.48692810457516,67.9448,67.9448,4.6974,197.7012,0.3094,0.1923,0.0453,0.0607,1.2242,3e-04,0.0028,0.2986,1.227,4.1095,0.0264086481636456,0.00218579234972678
